"file","id","numericId","band","group"
"client/assets/equipment/default/79800.png","79800","79800","79800","default"
"client/assets/equipment/default/79801.png","79801","79801","79800","default"
"client/assets/equipment/default/79802.png","79802","79802","79800","default"
"client/assets/equipment/default/79803.png","79803","79803","79800","default"
"client/assets/equipment/default/79804.png","79804","79804","79800","default"
"client/assets/equipment/default/79805.png","79805","79805","79800","default"
"client/assets/equipment/default/79806.png","79806","79806","79800","default"
"client/assets/equipment/default/79807.png","79807","79807","79800","default"
"client/assets/equipment/default/79808.png","79808","79808","79800","default"
"client/assets/equipment/default/79809.png","79809","79809","79800","default"
"client/assets/equipment/default/79898.png","79898","79898","79890","default"
"client/assets/equipment/default/79900.png","79900","79900","79900","default"
"client/assets/equipment/default/79901.png","79901","79901","79900","default"
"client/assets/equipment/default/79902.png","79902","79902","79900","default"
"client/assets/equipment/default/79903.png","79903","79903","79900","default"
"client/assets/equipment/default/79904.png","79904","79904","79900","default"
"client/assets/equipment/default/79905.png","79905","79905","79900","default"
"client/assets/equipment/default/79906.png","79906","79906","79900","default"
"client/assets/equipment/default/79907.png","79907","79907","79900","default"
"client/assets/equipment/default/79908.png","79908","79908","79900","default"
"client/assets/equipment/default/79909.png","79909","79909","79900","default"
"client/assets/equipment/default/79998.png","79998","79998","79990","default"
"client/assets/equipment/default/89900.png","89900","89900","89900","default"
"client/assets/equipment/default/89901.png","89901","89901","89900","default"
"client/assets/equipment/default/89902.png","89902","89902","89900","default"
"client/assets/equipment/default/89903.png","89903","89903","89900","default"
"client/assets/equipment/default/89904.png","89904","89904","89900","default"
"client/assets/equipment/default/89905.png","89905","89905","89900","default"
"client/assets/equipment/default/89906.png","89906","89906","89900","default"
"client/assets/equipment/default/89907.png","89907","89907","89900","default"
"client/assets/equipment/default/89908.png","89908","89908","89900","default"
"client/assets/equipment/default/89909.png","89909","89909","89900","default"
"client/assets/equipment/armor/70100.png","70100","70100","70100","armor"
"client/assets/equipment/armor/70101.png","70101","70101","70100","armor"
"client/assets/equipment/armor/70102.png","70102","70102","70100","armor"
"client/assets/equipment/armor/70103.png","70103","70103","70100","armor"
"client/assets/equipment/armor/70104.png","70104","70104","70100","armor"
"client/assets/equipment/armor/70105.png","70105","70105","70100","armor"
"client/assets/equipment/armor/70106.png","70106","70106","70100","armor"
"client/assets/equipment/armor/70107.png","70107","70107","70100","armor"
"client/assets/equipment/armor/70108.png","70108","70108","70100","armor"
"client/assets/equipment/armor/70109.png","70109","70109","70100","armor"
"client/assets/equipment/armor/70198.png","70198","70198","70190","armor"
"client/assets/equipment/armor/70300.png","70300","70300","70300","armor"
"client/assets/equipment/armor/70301.png","70301","70301","70300","armor"
"client/assets/equipment/armor/70302.png","70302","70302","70300","armor"
"client/assets/equipment/armor/70303.png","70303","70303","70300","armor"
"client/assets/equipment/armor/70304.png","70304","70304","70300","armor"
"client/assets/equipment/armor/70305.png","70305","70305","70300","armor"
"client/assets/equipment/armor/70306.png","70306","70306","70300","armor"
"client/assets/equipment/armor/70307.png","70307","70307","70300","armor"
"client/assets/equipment/armor/70308.png","70308","70308","70300","armor"
"client/assets/equipment/armor/70309.png","70309","70309","70300","armor"
"client/assets/equipment/armor/70398.png","70398","70398","70390","armor"
"client/assets/equipment/armor/70700.png","70700","70700","70700","armor"
"client/assets/equipment/armor/70701.png","70701","70701","70700","armor"
"client/assets/equipment/armor/70702.png","70702","70702","70700","armor"
"client/assets/equipment/armor/70703.png","70703","70703","70700","armor"
"client/assets/equipment/armor/70704.png","70704","70704","70700","armor"
"client/assets/equipment/armor/70705.png","70705","70705","70700","armor"
"client/assets/equipment/armor/70706.png","70706","70706","70700","armor"
"client/assets/equipment/armor/70707.png","70707","70707","70700","armor"
"client/assets/equipment/armor/70708.png","70708","70708","70700","armor"
"client/assets/equipment/armor/70709.png","70709","70709","70700","armor"
"client/assets/equipment/armor/70798.png","70798","70798","70790","armor"
"client/assets/equipment/armor/71200.png","71200","71200","71200","armor"
"client/assets/equipment/armor/71201.png","71201","71201","71200","armor"
"client/assets/equipment/armor/71202.png","71202","71202","71200","armor"
"client/assets/equipment/armor/71203.png","71203","71203","71200","armor"
"client/assets/equipment/armor/71204.png","71204","71204","71200","armor"
"client/assets/equipment/armor/71205.png","71205","71205","71200","armor"
"client/assets/equipment/armor/71206.png","71206","71206","71200","armor"
"client/assets/equipment/armor/71207.png","71207","71207","71200","armor"
"client/assets/equipment/armor/71208.png","71208","71208","71200","armor"
"client/assets/equipment/armor/71209.png","71209","71209","71200","armor"
"client/assets/equipment/armor/71298.png","71298","71298","71290","armor"
"client/assets/equipment/armor/71300.png","71300","71300","71300","armor"
"client/assets/equipment/armor/71301.png","71301","71301","71300","armor"
"client/assets/equipment/armor/71302.png","71302","71302","71300","armor"
"client/assets/equipment/armor/71303.png","71303","71303","71300","armor"
"client/assets/equipment/armor/71304.png","71304","71304","71300","armor"
"client/assets/equipment/armor/71305.png","71305","71305","71300","armor"
"client/assets/equipment/armor/71306.png","71306","71306","71300","armor"
"client/assets/equipment/armor/71307.png","71307","71307","71300","armor"
"client/assets/equipment/armor/71308.png","71308","71308","71300","armor"
"client/assets/equipment/armor/71309.png","71309","71309","71300","armor"
"client/assets/equipment/armor/71398.png","71398","71398","71390","armor"
"client/assets/equipment/armor/71400.png","71400","71400","71400","armor"
"client/assets/equipment/armor/71401.png","71401","71401","71400","armor"
"client/assets/equipment/armor/71402.png","71402","71402","71400","armor"
"client/assets/equipment/armor/71403.png","71403","71403","71400","armor"
"client/assets/equipment/armor/71404.png","71404","71404","71400","armor"
"client/assets/equipment/armor/71405.png","71405","71405","71400","armor"
"client/assets/equipment/armor/71406.png","71406","71406","71400","armor"
"client/assets/equipment/armor/71407.png","71407","71407","71400","armor"
"client/assets/equipment/armor/71408.png","71408","71408","71400","armor"
"client/assets/equipment/armor/71409.png","71409","71409","71400","armor"
"client/assets/equipment/armor/71498.png","71498","71498","71490","armor"
"client/assets/equipment/armor/71600.png","71600","71600","71600","armor"
"client/assets/equipment/armor/71601.png","71601","71601","71600","armor"
"client/assets/equipment/armor/71602.png","71602","71602","71600","armor"
"client/assets/equipment/armor/71603.png","71603","71603","71600","armor"
"client/assets/equipment/armor/71604.png","71604","71604","71600","armor"
"client/assets/equipment/armor/71605.png","71605","71605","71600","armor"
"client/assets/equipment/armor/71606.png","71606","71606","71600","armor"
"client/assets/equipment/armor/71607.png","71607","71607","71600","armor"
"client/assets/equipment/armor/71608.png","71608","71608","71600","armor"
"client/assets/equipment/armor/71609.png","71609","71609","71600","armor"
"client/assets/equipment/armor/71698.png","71698","71698","71690","armor"
"client/assets/equipment/armor/71700.png","71700","71700","71700","armor"
"client/assets/equipment/armor/71701.png","71701","71701","71700","armor"
"client/assets/equipment/armor/71702.png","71702","71702","71700","armor"
"client/assets/equipment/armor/71703.png","71703","71703","71700","armor"
"client/assets/equipment/armor/71704.png","71704","71704","71700","armor"
"client/assets/equipment/armor/71705.png","71705","71705","71700","armor"
"client/assets/equipment/armor/71706.png","71706","71706","71700","armor"
"client/assets/equipment/armor/71707.png","71707","71707","71700","armor"
"client/assets/equipment/armor/71708.png","71708","71708","71700","armor"
"client/assets/equipment/armor/71709.png","71709","71709","71700","armor"
"client/assets/equipment/armor/71798.png","71798","71798","71790","armor"
"client/assets/equipment/armor/71800.png","71800","71800","71800","armor"
"client/assets/equipment/armor/71801.png","71801","71801","71800","armor"
"client/assets/equipment/armor/71802.png","71802","71802","71800","armor"
"client/assets/equipment/armor/71803.png","71803","71803","71800","armor"
"client/assets/equipment/armor/71804.png","71804","71804","71800","armor"
"client/assets/equipment/armor/71805.png","71805","71805","71800","armor"
"client/assets/equipment/armor/71806.png","71806","71806","71800","armor"
"client/assets/equipment/armor/71807.png","71807","71807","71800","armor"
"client/assets/equipment/armor/71808.png","71808","71808","71800","armor"
"client/assets/equipment/armor/71809.png","71809","71809","71800","armor"
"client/assets/equipment/armor/71898.png","71898","71898","71890","armor"
"client/assets/equipment/armor/72000.png","72000","72000","72000","armor"
"client/assets/equipment/armor/72001.png","72001","72001","72000","armor"
"client/assets/equipment/armor/72002.png","72002","72002","72000","armor"
"client/assets/equipment/armor/72003.png","72003","72003","72000","armor"
"client/assets/equipment/armor/72004.png","72004","72004","72000","armor"
"client/assets/equipment/armor/72005.png","72005","72005","72000","armor"
"client/assets/equipment/armor/72006.png","72006","72006","72000","armor"
"client/assets/equipment/armor/72007.png","72007","72007","72000","armor"
"client/assets/equipment/armor/72008.png","72008","72008","72000","armor"
"client/assets/equipment/armor/72009.png","72009","72009","72000","armor"
"client/assets/equipment/armor/72098.png","72098","72098","72090","armor"
"client/assets/equipment/armor/72400.png","72400","72400","72400","armor"
"client/assets/equipment/armor/72401.png","72401","72401","72400","armor"
"client/assets/equipment/armor/72402.png","72402","72402","72400","armor"
"client/assets/equipment/armor/72403.png","72403","72403","72400","armor"
"client/assets/equipment/armor/72404.png","72404","72404","72400","armor"
"client/assets/equipment/armor/72405.png","72405","72405","72400","armor"
"client/assets/equipment/armor/72406.png","72406","72406","72400","armor"
"client/assets/equipment/armor/72407.png","72407","72407","72400","armor"
"client/assets/equipment/armor/72408.png","72408","72408","72400","armor"
"client/assets/equipment/armor/72409.png","72409","72409","72400","armor"
"client/assets/equipment/armor/72498.png","72498","72498","72490","armor"
"client/assets/equipment/armor/72500.png","72500","72500","72500","armor"
"client/assets/equipment/armor/72501.png","72501","72501","72500","armor"
"client/assets/equipment/armor/72502.png","72502","72502","72500","armor"
"client/assets/equipment/armor/72503.png","72503","72503","72500","armor"
"client/assets/equipment/armor/72504.png","72504","72504","72500","armor"
"client/assets/equipment/armor/72505.png","72505","72505","72500","armor"
"client/assets/equipment/armor/72506.png","72506","72506","72500","armor"
"client/assets/equipment/armor/72507.png","72507","72507","72500","armor"
"client/assets/equipment/armor/72508.png","72508","72508","72500","armor"
"client/assets/equipment/armor/72509.png","72509","72509","72500","armor"
"client/assets/equipment/armor/72598.png","72598","72598","72590","armor"
"client/assets/equipment/armor/74000.png","74000","74000","74000","armor"
"client/assets/equipment/armor/74001.png","74001","74001","74000","armor"
"client/assets/equipment/armor/74002.png","74002","74002","74000","armor"
"client/assets/equipment/armor/74003.png","74003","74003","74000","armor"
"client/assets/equipment/armor/74004.png","74004","74004","74000","armor"
"client/assets/equipment/armor/74005.png","74005","74005","74000","armor"
"client/assets/equipment/armor/74006.png","74006","74006","74000","armor"
"client/assets/equipment/armor/74007.png","74007","74007","74000","armor"
"client/assets/equipment/armor/74008.png","74008","74008","74000","armor"
"client/assets/equipment/armor/74009.png","74009","74009","74000","armor"
"client/assets/equipment/armor/74098.png","74098","74098","74090","armor"
"client/assets/equipment/armor/74100.png","74100","74100","74100","armor"
"client/assets/equipment/armor/74101.png","74101","74101","74100","armor"
"client/assets/equipment/armor/74102.png","74102","74102","74100","armor"
"client/assets/equipment/armor/74103.png","74103","74103","74100","armor"
"client/assets/equipment/armor/74104.png","74104","74104","74100","armor"
"client/assets/equipment/armor/74105.png","74105","74105","74100","armor"
"client/assets/equipment/armor/74106.png","74106","74106","74100","armor"
"client/assets/equipment/armor/74107.png","74107","74107","74100","armor"
"client/assets/equipment/armor/74108.png","74108","74108","74100","armor"
"client/assets/equipment/armor/74109.png","74109","74109","74100","armor"
"client/assets/equipment/armor/74198.png","74198","74198","74190","armor"
"client/assets/equipment/armor/74200.png","74200","74200","74200","armor"
"client/assets/equipment/armor/74201.png","74201","74201","74200","armor"
"client/assets/equipment/armor/74202.png","74202","74202","74200","armor"
"client/assets/equipment/armor/74203.png","74203","74203","74200","armor"
"client/assets/equipment/armor/74204.png","74204","74204","74200","armor"
"client/assets/equipment/armor/74205.png","74205","74205","74200","armor"
"client/assets/equipment/armor/74206.png","74206","74206","74200","armor"
"client/assets/equipment/armor/74207.png","74207","74207","74200","armor"
"client/assets/equipment/armor/74208.png","74208","74208","74200","armor"
"client/assets/equipment/armor/74209.png","74209","74209","74200","armor"
"client/assets/equipment/armor/74298.png","74298","74298","74290","armor"
"client/assets/equipment/armor/74300.png","74300","74300","74300","armor"
"client/assets/equipment/armor/74301.png","74301","74301","74300","armor"
"client/assets/equipment/armor/74302.png","74302","74302","74300","armor"
"client/assets/equipment/armor/74303.png","74303","74303","74300","armor"
"client/assets/equipment/armor/74304.png","74304","74304","74300","armor"
"client/assets/equipment/armor/74305.png","74305","74305","74300","armor"
"client/assets/equipment/armor/74306.png","74306","74306","74300","armor"
"client/assets/equipment/armor/74307.png","74307","74307","74300","armor"
"client/assets/equipment/armor/74308.png","74308","74308","74300","armor"
"client/assets/equipment/armor/74309.png","74309","74309","74300","armor"
"client/assets/equipment/armor/74398.png","74398","74398","74390","armor"
"client/assets/equipment/armor/75100.png","75100","75100","75100","armor"
"client/assets/equipment/armor/75101.png","75101","75101","75100","armor"
"client/assets/equipment/armor/75102.png","75102","75102","75100","armor"
"client/assets/equipment/armor/75103.png","75103","75103","75100","armor"
"client/assets/equipment/armor/75104.png","75104","75104","75100","armor"
"client/assets/equipment/armor/75105.png","75105","75105","75100","armor"
"client/assets/equipment/armor/75106.png","75106","75106","75100","armor"
"client/assets/equipment/armor/75107.png","75107","75107","75100","armor"
"client/assets/equipment/armor/75108.png","75108","75108","75100","armor"
"client/assets/equipment/armor/75109.png","75109","75109","75100","armor"
"client/assets/equipment/armor/75198.png","75198","75198","75190","armor"
"client/assets/equipment/armor/75300.png","75300","75300","75300","armor"
"client/assets/equipment/armor/75301.png","75301","75301","75300","armor"
"client/assets/equipment/armor/75302.png","75302","75302","75300","armor"
"client/assets/equipment/armor/75303.png","75303","75303","75300","armor"
"client/assets/equipment/armor/75304.png","75304","75304","75300","armor"
"client/assets/equipment/armor/75305.png","75305","75305","75300","armor"
"client/assets/equipment/armor/75306.png","75306","75306","75300","armor"
"client/assets/equipment/armor/75307.png","75307","75307","75300","armor"
"client/assets/equipment/armor/75308.png","75308","75308","75300","armor"
"client/assets/equipment/armor/75309.png","75309","75309","75300","armor"
"client/assets/equipment/armor/75398.png","75398","75398","75390","armor"
"client/assets/equipment/armor/75400.png","75400","75400","75400","armor"
"client/assets/equipment/armor/75401.png","75401","75401","75400","armor"
"client/assets/equipment/armor/75402.png","75402","75402","75400","armor"
"client/assets/equipment/armor/75403.png","75403","75403","75400","armor"
"client/assets/equipment/armor/75404.png","75404","75404","75400","armor"
"client/assets/equipment/armor/75405.png","75405","75405","75400","armor"
"client/assets/equipment/armor/75406.png","75406","75406","75400","armor"
"client/assets/equipment/armor/75407.png","75407","75407","75400","armor"
"client/assets/equipment/armor/75408.png","75408","75408","75400","armor"
"client/assets/equipment/armor/75409.png","75409","75409","75400","armor"
"client/assets/equipment/armor/75498.png","75498","75498","75490","armor"
"client/assets/equipment/armor/75600.png","75600","75600","75600","armor"
"client/assets/equipment/armor/75601.png","75601","75601","75600","armor"
"client/assets/equipment/armor/75602.png","75602","75602","75600","armor"
"client/assets/equipment/armor/75603.png","75603","75603","75600","armor"
"client/assets/equipment/armor/75604.png","75604","75604","75600","armor"
"client/assets/equipment/armor/75605.png","75605","75605","75600","armor"
"client/assets/equipment/armor/75606.png","75606","75606","75600","armor"
"client/assets/equipment/armor/75607.png","75607","75607","75600","armor"
"client/assets/equipment/armor/75608.png","75608","75608","75600","armor"
"client/assets/equipment/armor/75609.png","75609","75609","75600","armor"
"client/assets/equipment/armor/75698.png","75698","75698","75690","armor"
"client/assets/equipment/armor/75800.png","75800","75800","75800","armor"
"client/assets/equipment/armor/75801.png","75801","75801","75800","armor"
"client/assets/equipment/armor/75802.png","75802","75802","75800","armor"
"client/assets/equipment/armor/75803.png","75803","75803","75800","armor"
"client/assets/equipment/armor/75804.png","75804","75804","75800","armor"
"client/assets/equipment/armor/75805.png","75805","75805","75800","armor"
"client/assets/equipment/armor/75806.png","75806","75806","75800","armor"
"client/assets/equipment/armor/75807.png","75807","75807","75800","armor"
"client/assets/equipment/armor/75808.png","75808","75808","75800","armor"
"client/assets/equipment/armor/75809.png","75809","75809","75800","armor"
"client/assets/equipment/armor/75898.png","75898","75898","75890","armor"
"client/assets/equipment/armor/76200.png","76200","76200","76200","armor"
"client/assets/equipment/armor/76201.png","76201","76201","76200","armor"
"client/assets/equipment/armor/76202.png","76202","76202","76200","armor"
"client/assets/equipment/armor/76203.png","76203","76203","76200","armor"
"client/assets/equipment/armor/76204.png","76204","76204","76200","armor"
"client/assets/equipment/armor/76205.png","76205","76205","76200","armor"
"client/assets/equipment/armor/76206.png","76206","76206","76200","armor"
"client/assets/equipment/armor/76207.png","76207","76207","76200","armor"
"client/assets/equipment/armor/76208.png","76208","76208","76200","armor"
"client/assets/equipment/armor/76209.png","76209","76209","76200","armor"
"client/assets/equipment/armor/76298.png","76298","76298","76290","armor"
"client/assets/equipment/armor/76400.png","76400","76400","76400","armor"
"client/assets/equipment/armor/76401.png","76401","76401","76400","armor"
"client/assets/equipment/armor/76402.png","76402","76402","76400","armor"
"client/assets/equipment/armor/76403.png","76403","76403","76400","armor"
"client/assets/equipment/armor/76404.png","76404","76404","76400","armor"
"client/assets/equipment/armor/76405.png","76405","76405","76400","armor"
"client/assets/equipment/armor/76406.png","76406","76406","76400","armor"
"client/assets/equipment/armor/76407.png","76407","76407","76400","armor"
"client/assets/equipment/armor/76408.png","76408","76408","76400","armor"
"client/assets/equipment/armor/76409.png","76409","76409","76400","armor"
"client/assets/equipment/armor/76498.png","76498","76498","76490","armor"
"client/assets/equipment/armor/76500.png","76500","76500","76500","armor"
"client/assets/equipment/armor/76501.png","76501","76501","76500","armor"
"client/assets/equipment/armor/76502.png","76502","76502","76500","armor"
"client/assets/equipment/armor/76503.png","76503","76503","76500","armor"
"client/assets/equipment/armor/76504.png","76504","76504","76500","armor"
"client/assets/equipment/armor/76505.png","76505","76505","76500","armor"
"client/assets/equipment/armor/76506.png","76506","76506","76500","armor"
"client/assets/equipment/armor/76507.png","76507","76507","76500","armor"
"client/assets/equipment/armor/76508.png","76508","76508","76500","armor"
"client/assets/equipment/armor/76509.png","76509","76509","76500","armor"
"client/assets/equipment/armor/76598.png","76598","76598","76590","armor"
"client/assets/equipment/armor/76600.png","76600","76600","76600","armor"
"client/assets/equipment/armor/76601.png","76601","76601","76600","armor"
"client/assets/equipment/armor/76602.png","76602","76602","76600","armor"
"client/assets/equipment/armor/76603.png","76603","76603","76600","armor"
"client/assets/equipment/armor/76604.png","76604","76604","76600","armor"
"client/assets/equipment/armor/76605.png","76605","76605","76600","armor"
"client/assets/equipment/armor/76606.png","76606","76606","76600","armor"
"client/assets/equipment/armor/76607.png","76607","76607","76600","armor"
"client/assets/equipment/armor/76608.png","76608","76608","76600","armor"
"client/assets/equipment/armor/76609.png","76609","76609","76600","armor"
"client/assets/equipment/armor/76698.png","76698","76698","76690","armor"
"client/assets/equipment/armor/76700.png","76700","76700","76700","armor"
"client/assets/equipment/armor/76701.png","76701","76701","76700","armor"
"client/assets/equipment/armor/76702.png","76702","76702","76700","armor"
"client/assets/equipment/armor/76703.png","76703","76703","76700","armor"
"client/assets/equipment/armor/76704.png","76704","76704","76700","armor"
"client/assets/equipment/armor/76705.png","76705","76705","76700","armor"
"client/assets/equipment/armor/76706.png","76706","76706","76700","armor"
"client/assets/equipment/armor/76707.png","76707","76707","76700","armor"
"client/assets/equipment/armor/76708.png","76708","76708","76700","armor"
"client/assets/equipment/armor/76709.png","76709","76709","76700","armor"
"client/assets/equipment/armor/76798.png","76798","76798","76790","armor"
"client/assets/equipment/armor/77100.png","77100","77100","77100","armor"
"client/assets/equipment/armor/77101.png","77101","77101","77100","armor"
"client/assets/equipment/armor/77102.png","77102","77102","77100","armor"
"client/assets/equipment/armor/77103.png","77103","77103","77100","armor"
"client/assets/equipment/armor/77104.png","77104","77104","77100","armor"
"client/assets/equipment/armor/77105.png","77105","77105","77100","armor"
"client/assets/equipment/armor/77106.png","77106","77106","77100","armor"
"client/assets/equipment/armor/77107.png","77107","77107","77100","armor"
"client/assets/equipment/armor/77108.png","77108","77108","77100","armor"
"client/assets/equipment/armor/77109.png","77109","77109","77100","armor"
"client/assets/equipment/armor/77198.png","77198","77198","77190","armor"
"client/assets/equipment/armor/77400.png","77400","77400","77400","armor"
"client/assets/equipment/armor/77401.png","77401","77401","77400","armor"
"client/assets/equipment/armor/77402.png","77402","77402","77400","armor"
"client/assets/equipment/armor/77403.png","77403","77403","77400","armor"
"client/assets/equipment/armor/77404.png","77404","77404","77400","armor"
"client/assets/equipment/armor/77405.png","77405","77405","77400","armor"
"client/assets/equipment/armor/77406.png","77406","77406","77400","armor"
"client/assets/equipment/armor/77407.png","77407","77407","77400","armor"
"client/assets/equipment/armor/77408.png","77408","77408","77400","armor"
"client/assets/equipment/armor/77409.png","77409","77409","77400","armor"
"client/assets/equipment/armor/77498.png","77498","77498","77490","armor"
"client/assets/equipment/armor/77500.png","77500","77500","77500","armor"
"client/assets/equipment/armor/77501.png","77501","77501","77500","armor"
"client/assets/equipment/armor/77502.png","77502","77502","77500","armor"
"client/assets/equipment/armor/77503.png","77503","77503","77500","armor"
"client/assets/equipment/armor/77504.png","77504","77504","77500","armor"
"client/assets/equipment/armor/77505.png","77505","77505","77500","armor"
"client/assets/equipment/armor/77506.png","77506","77506","77500","armor"
"client/assets/equipment/armor/77507.png","77507","77507","77500","armor"
"client/assets/equipment/armor/77508.png","77508","77508","77500","armor"
"client/assets/equipment/armor/77509.png","77509","77509","77500","armor"
"client/assets/equipment/armor/77598.png","77598","77598","77590","armor"
"client/assets/equipment/armor/78000.png","78000","78000","78000","armor"
"client/assets/equipment/armor/78001.png","78001","78001","78000","armor"
"client/assets/equipment/armor/78002.png","78002","78002","78000","armor"
"client/assets/equipment/armor/78003.png","78003","78003","78000","armor"
"client/assets/equipment/armor/78004.png","78004","78004","78000","armor"
"client/assets/equipment/armor/78005.png","78005","78005","78000","armor"
"client/assets/equipment/armor/78006.png","78006","78006","78000","armor"
"client/assets/equipment/armor/78007.png","78007","78007","78000","armor"
"client/assets/equipment/armor/78008.png","78008","78008","78000","armor"
"client/assets/equipment/armor/78009.png","78009","78009","78000","armor"
"client/assets/equipment/armor/78098.png","78098","78098","78090","armor"
"client/assets/equipment/armor/78100.png","78100","78100","78100","armor"
"client/assets/equipment/armor/78101.png","78101","78101","78100","armor"
"client/assets/equipment/armor/78102.png","78102","78102","78100","armor"
"client/assets/equipment/armor/78103.png","78103","78103","78100","armor"
"client/assets/equipment/armor/78104.png","78104","78104","78100","armor"
"client/assets/equipment/armor/78105.png","78105","78105","78100","armor"
"client/assets/equipment/armor/78106.png","78106","78106","78100","armor"
"client/assets/equipment/armor/78107.png","78107","78107","78100","armor"
"client/assets/equipment/armor/78108.png","78108","78108","78100","armor"
"client/assets/equipment/armor/78109.png","78109","78109","78100","armor"
"client/assets/equipment/armor/78198.png","78198","78198","78190","armor"
"client/assets/equipment/armor/78200.png","78200","78200","78200","armor"
"client/assets/equipment/armor/78201.png","78201","78201","78200","armor"
"client/assets/equipment/armor/78202.png","78202","78202","78200","armor"
"client/assets/equipment/armor/78203.png","78203","78203","78200","armor"
"client/assets/equipment/armor/78204.png","78204","78204","78200","armor"
"client/assets/equipment/armor/78205.png","78205","78205","78200","armor"
"client/assets/equipment/armor/78206.png","78206","78206","78200","armor"
"client/assets/equipment/armor/78207.png","78207","78207","78200","armor"
"client/assets/equipment/armor/78208.png","78208","78208","78200","armor"
"client/assets/equipment/armor/78209.png","78209","78209","78200","armor"
"client/assets/equipment/armor/78298.png","78298","78298","78290","armor"
"client/assets/equipment/armor/78300.png","78300","78300","78300","armor"
"client/assets/equipment/armor/78301.png","78301","78301","78300","armor"
"client/assets/equipment/armor/78302.png","78302","78302","78300","armor"
"client/assets/equipment/armor/78303.png","78303","78303","78300","armor"
"client/assets/equipment/armor/78304.png","78304","78304","78300","armor"
"client/assets/equipment/armor/78305.png","78305","78305","78300","armor"
"client/assets/equipment/armor/78306.png","78306","78306","78300","armor"
"client/assets/equipment/armor/78307.png","78307","78307","78300","armor"
"client/assets/equipment/armor/78308.png","78308","78308","78300","armor"
"client/assets/equipment/armor/78309.png","78309","78309","78300","armor"
"client/assets/equipment/armor/78398.png","78398","78398","78390","armor"
"client/assets/equipment/weapon/80000.png","80000","80000","80000","weapon"
"client/assets/equipment/weapon/80001.png","80001","80001","80000","weapon"
"client/assets/equipment/weapon/80002.png","80002","80002","80000","weapon"
"client/assets/equipment/weapon/80003.png","80003","80003","80000","weapon"
"client/assets/equipment/weapon/80004.png","80004","80004","80000","weapon"
"client/assets/equipment/weapon/80005.png","80005","80005","80000","weapon"
"client/assets/equipment/weapon/80006.png","80006","80006","80000","weapon"
"client/assets/equipment/weapon/80007.png","80007","80007","80000","weapon"
"client/assets/equipment/weapon/80008.png","80008","80008","80000","weapon"
"client/assets/equipment/weapon/80009.png","80009","80009","80000","weapon"
"client/assets/equipment/weapon/80098.png","80098","80098","80090","weapon"
"client/assets/equipment/weapon/80200.png","80200","80200","80200","weapon"
"client/assets/equipment/weapon/80201.png","80201","80201","80200","weapon"
"client/assets/equipment/weapon/80202.png","80202","80202","80200","weapon"
"client/assets/equipment/weapon/80203.png","80203","80203","80200","weapon"
"client/assets/equipment/weapon/80204.png","80204","80204","80200","weapon"
"client/assets/equipment/weapon/80205.png","80205","80205","80200","weapon"
"client/assets/equipment/weapon/80206.png","80206","80206","80200","weapon"
"client/assets/equipment/weapon/80207.png","80207","80207","80200","weapon"
"client/assets/equipment/weapon/80208.png","80208","80208","80200","weapon"
"client/assets/equipment/weapon/80209.png","80209","80209","80200","weapon"
"client/assets/equipment/weapon/80298.png","80298","80298","80290","weapon"
"client/assets/equipment/weapon/80400.png","80400","80400","80400","weapon"
"client/assets/equipment/weapon/80401.png","80401","80401","80400","weapon"
"client/assets/equipment/weapon/80402.png","80402","80402","80400","weapon"
"client/assets/equipment/weapon/80403.png","80403","80403","80400","weapon"
"client/assets/equipment/weapon/80404.png","80404","80404","80400","weapon"
"client/assets/equipment/weapon/80405.png","80405","80405","80400","weapon"
"client/assets/equipment/weapon/80406.png","80406","80406","80400","weapon"
"client/assets/equipment/weapon/80407.png","80407","80407","80400","weapon"
"client/assets/equipment/weapon/80408.png","80408","80408","80400","weapon"
"client/assets/equipment/weapon/80409.png","80409","80409","80400","weapon"
"client/assets/equipment/weapon/80498.png","80498","80498","80490","weapon"
"client/assets/equipment/weapon/80600.png","80600","80600","80600","weapon"
"client/assets/equipment/weapon/80601.png","80601","80601","80600","weapon"
"client/assets/equipment/weapon/80602.png","80602","80602","80600","weapon"
"client/assets/equipment/weapon/80603.png","80603","80603","80600","weapon"
"client/assets/equipment/weapon/80604.png","80604","80604","80600","weapon"
"client/assets/equipment/weapon/80605.png","80605","80605","80600","weapon"
"client/assets/equipment/weapon/80606.png","80606","80606","80600","weapon"
"client/assets/equipment/weapon/80607.png","80607","80607","80600","weapon"
"client/assets/equipment/weapon/80608.png","80608","80608","80600","weapon"
"client/assets/equipment/weapon/80609.png","80609","80609","80600","weapon"
"client/assets/equipment/weapon/80698.png","80698","80698","80690","weapon"
"client/assets/equipment/weapon/80700.png","80700","80700","80700","weapon"
"client/assets/equipment/weapon/80701.png","80701","80701","80700","weapon"
"client/assets/equipment/weapon/80702.png","80702","80702","80700","weapon"
"client/assets/equipment/weapon/80703.png","80703","80703","80700","weapon"
"client/assets/equipment/weapon/80704.png","80704","80704","80700","weapon"
"client/assets/equipment/weapon/80705.png","80705","80705","80700","weapon"
"client/assets/equipment/weapon/80706.png","80706","80706","80700","weapon"
"client/assets/equipment/weapon/80707.png","80707","80707","80700","weapon"
"client/assets/equipment/weapon/80708.png","80708","80708","80700","weapon"
"client/assets/equipment/weapon/80709.png","80709","80709","80700","weapon"
"client/assets/equipment/weapon/80798.png","80798","80798","80790","weapon"
"client/assets/equipment/weapon/80800.png","80800","80800","80800","weapon"
"client/assets/equipment/weapon/80801.png","80801","80801","80800","weapon"
"client/assets/equipment/weapon/80802.png","80802","80802","80800","weapon"
"client/assets/equipment/weapon/80803.png","80803","80803","80800","weapon"
"client/assets/equipment/weapon/80804.png","80804","80804","80800","weapon"
"client/assets/equipment/weapon/80805.png","80805","80805","80800","weapon"
"client/assets/equipment/weapon/80806.png","80806","80806","80800","weapon"
"client/assets/equipment/weapon/80807.png","80807","80807","80800","weapon"
"client/assets/equipment/weapon/80808.png","80808","80808","80800","weapon"
"client/assets/equipment/weapon/80809.png","80809","80809","80800","weapon"
"client/assets/equipment/weapon/80898.png","80898","80898","80890","weapon"
"client/assets/equipment/weapon/81000.png","81000","81000","81000","weapon"
"client/assets/equipment/weapon/81001.png","81001","81001","81000","weapon"
"client/assets/equipment/weapon/81002.png","81002","81002","81000","weapon"
"client/assets/equipment/weapon/81003.png","81003","81003","81000","weapon"
"client/assets/equipment/weapon/81004.png","81004","81004","81000","weapon"
"client/assets/equipment/weapon/81005.png","81005","81005","81000","weapon"
"client/assets/equipment/weapon/81006.png","81006","81006","81000","weapon"
"client/assets/equipment/weapon/81007.png","81007","81007","81000","weapon"
"client/assets/equipment/weapon/81008.png","81008","81008","81000","weapon"
"client/assets/equipment/weapon/81009.png","81009","81009","81000","weapon"
"client/assets/equipment/weapon/81098.png","81098","81098","81090","weapon"
"client/assets/equipment/weapon/81100.png","81100","81100","81100","weapon"
"client/assets/equipment/weapon/81101.png","81101","81101","81100","weapon"
"client/assets/equipment/weapon/81102.png","81102","81102","81100","weapon"
"client/assets/equipment/weapon/81103.png","81103","81103","81100","weapon"
"client/assets/equipment/weapon/81104.png","81104","81104","81100","weapon"
"client/assets/equipment/weapon/81105.png","81105","81105","81100","weapon"
"client/assets/equipment/weapon/81106.png","81106","81106","81100","weapon"
"client/assets/equipment/weapon/81107.png","81107","81107","81100","weapon"
"client/assets/equipment/weapon/81108.png","81108","81108","81100","weapon"
"client/assets/equipment/weapon/81109.png","81109","81109","81100","weapon"
"client/assets/equipment/weapon/81198.png","81198","81198","81190","weapon"
"client/assets/equipment/weapon/81800.png","81800","81800","81800","weapon"
"client/assets/equipment/weapon/81801.png","81801","81801","81800","weapon"
"client/assets/equipment/weapon/81802.png","81802","81802","81800","weapon"
"client/assets/equipment/weapon/81803.png","81803","81803","81800","weapon"
"client/assets/equipment/weapon/81804.png","81804","81804","81800","weapon"
"client/assets/equipment/weapon/81805.png","81805","81805","81800","weapon"
"client/assets/equipment/weapon/81806.png","81806","81806","81800","weapon"
"client/assets/equipment/weapon/81807.png","81807","81807","81800","weapon"
"client/assets/equipment/weapon/81808.png","81808","81808","81800","weapon"
"client/assets/equipment/weapon/81809.png","81809","81809","81800","weapon"
"client/assets/equipment/weapon/81898.png","81898","81898","81890","weapon"
"client/assets/equipment/weapon/82000.png","82000","82000","82000","weapon"
"client/assets/equipment/weapon/82001.png","82001","82001","82000","weapon"
"client/assets/equipment/weapon/82002.png","82002","82002","82000","weapon"
"client/assets/equipment/weapon/82003.png","82003","82003","82000","weapon"
"client/assets/equipment/weapon/82004.png","82004","82004","82000","weapon"
"client/assets/equipment/weapon/82005.png","82005","82005","82000","weapon"
"client/assets/equipment/weapon/82006.png","82006","82006","82000","weapon"
"client/assets/equipment/weapon/82007.png","82007","82007","82000","weapon"
"client/assets/equipment/weapon/82008.png","82008","82008","82000","weapon"
"client/assets/equipment/weapon/82009.png","82009","82009","82000","weapon"
"client/assets/equipment/weapon/82098.png","82098","82098","82090","weapon"
"client/assets/equipment/weapon/82300.png","82300","82300","82300","weapon"
"client/assets/equipment/weapon/82301.png","82301","82301","82300","weapon"
"client/assets/equipment/weapon/82302.png","82302","82302","82300","weapon"
"client/assets/equipment/weapon/82303.png","82303","82303","82300","weapon"
"client/assets/equipment/weapon/82304.png","82304","82304","82300","weapon"
"client/assets/equipment/weapon/82305.png","82305","82305","82300","weapon"
"client/assets/equipment/weapon/82306.png","82306","82306","82300","weapon"
"client/assets/equipment/weapon/82307.png","82307","82307","82300","weapon"
"client/assets/equipment/weapon/82308.png","82308","82308","82300","weapon"
"client/assets/equipment/weapon/82309.png","82309","82309","82300","weapon"
"client/assets/equipment/weapon/82398.png","82398","82398","82390","weapon"
"client/assets/equipment/weapon/82600.png","82600","82600","82600","weapon"
"client/assets/equipment/weapon/82601.png","82601","82601","82600","weapon"
"client/assets/equipment/weapon/82602.png","82602","82602","82600","weapon"
"client/assets/equipment/weapon/82603.png","82603","82603","82600","weapon"
"client/assets/equipment/weapon/82604.png","82604","82604","82600","weapon"
"client/assets/equipment/weapon/82605.png","82605","82605","82600","weapon"
"client/assets/equipment/weapon/82606.png","82606","82606","82600","weapon"
"client/assets/equipment/weapon/82607.png","82607","82607","82600","weapon"
"client/assets/equipment/weapon/82608.png","82608","82608","82600","weapon"
"client/assets/equipment/weapon/82609.png","82609","82609","82600","weapon"
"client/assets/equipment/weapon/82698.png","82698","82698","82690","weapon"
"client/assets/equipment/weapon/82700.png","82700","82700","82700","weapon"
"client/assets/equipment/weapon/82701.png","82701","82701","82700","weapon"
"client/assets/equipment/weapon/82702.png","82702","82702","82700","weapon"
"client/assets/equipment/weapon/82703.png","82703","82703","82700","weapon"
"client/assets/equipment/weapon/82704.png","82704","82704","82700","weapon"
"client/assets/equipment/weapon/82705.png","82705","82705","82700","weapon"
"client/assets/equipment/weapon/82706.png","82706","82706","82700","weapon"
"client/assets/equipment/weapon/82707.png","82707","82707","82700","weapon"
"client/assets/equipment/weapon/82708.png","82708","82708","82700","weapon"
"client/assets/equipment/weapon/82709.png","82709","82709","82700","weapon"
"client/assets/equipment/weapon/82798.png","82798","82798","82790","weapon"
"client/assets/equipment/weapon/82800.png","82800","82800","82800","weapon"
"client/assets/equipment/weapon/82801.png","82801","82801","82800","weapon"
"client/assets/equipment/weapon/82802.png","82802","82802","82800","weapon"
"client/assets/equipment/weapon/82803.png","82803","82803","82800","weapon"
"client/assets/equipment/weapon/82804.png","82804","82804","82800","weapon"
"client/assets/equipment/weapon/82805.png","82805","82805","82800","weapon"
"client/assets/equipment/weapon/82806.png","82806","82806","82800","weapon"
"client/assets/equipment/weapon/82807.png","82807","82807","82800","weapon"
"client/assets/equipment/weapon/82808.png","82808","82808","82800","weapon"
"client/assets/equipment/weapon/82809.png","82809","82809","82800","weapon"
"client/assets/equipment/weapon/82898.png","82898","82898","82890","weapon"
"client/assets/equipment/weapon/83100.png","83100","83100","83100","weapon"
"client/assets/equipment/weapon/83101.png","83101","83101","83100","weapon"
"client/assets/equipment/weapon/83102.png","83102","83102","83100","weapon"
"client/assets/equipment/weapon/83103.png","83103","83103","83100","weapon"
"client/assets/equipment/weapon/83104.png","83104","83104","83100","weapon"
"client/assets/equipment/weapon/83105.png","83105","83105","83100","weapon"
"client/assets/equipment/weapon/83106.png","83106","83106","83100","weapon"
"client/assets/equipment/weapon/83107.png","83107","83107","83100","weapon"
"client/assets/equipment/weapon/83108.png","83108","83108","83100","weapon"
"client/assets/equipment/weapon/83109.png","83109","83109","83100","weapon"
"client/assets/equipment/weapon/83198.png","83198","83198","83190","weapon"
"client/assets/equipment/weapon/83200.png","83200","83200","83200","weapon"
"client/assets/equipment/weapon/83201.png","83201","83201","83200","weapon"
"client/assets/equipment/weapon/83202.png","83202","83202","83200","weapon"
"client/assets/equipment/weapon/83203.png","83203","83203","83200","weapon"
"client/assets/equipment/weapon/83204.png","83204","83204","83200","weapon"
"client/assets/equipment/weapon/83205.png","83205","83205","83200","weapon"
"client/assets/equipment/weapon/83206.png","83206","83206","83200","weapon"
"client/assets/equipment/weapon/83207.png","83207","83207","83200","weapon"
"client/assets/equipment/weapon/83208.png","83208","83208","83200","weapon"
"client/assets/equipment/weapon/83209.png","83209","83209","83200","weapon"
"client/assets/equipment/weapon/83298.png","83298","83298","83290","weapon"
"client/assets/equipment/weapon/89000.png","89000","89000","89000","weapon"
"client/assets/equipment/weapon/89001.png","89001","89001","89000","weapon"
"client/assets/equipment/weapon/89002.png","89002","89002","89000","weapon"
"client/assets/equipment/weapon/89003.png","89003","89003","89000","weapon"
"client/assets/equipment/weapon/89004.png","89004","89004","89000","weapon"
"client/assets/equipment/weapon/89005.png","89005","89005","89000","weapon"
"client/assets/equipment/weapon/89006.png","89006","89006","89000","weapon"
"client/assets/equipment/weapon/89007.png","89007","89007","89000","weapon"
"client/assets/equipment/weapon/89008.png","89008","89008","89000","weapon"
"client/assets/equipment/weapon/89009.png","89009","89009","89000","weapon"
"client/assets/equipment/weapon/89098.png","89098","89098","89090","weapon"
"client/assets/equipment/weapon/89100.png","89100","89100","89100","weapon"
"client/assets/equipment/weapon/89101.png","89101","89101","89100","weapon"
"client/assets/equipment/weapon/89102.png","89102","89102","89100","weapon"
"client/assets/equipment/weapon/89103.png","89103","89103","89100","weapon"
"client/assets/equipment/weapon/89104.png","89104","89104","89100","weapon"
"client/assets/equipment/weapon/89105.png","89105","89105","89100","weapon"
"client/assets/equipment/weapon/89106.png","89106","89106","89100","weapon"
"client/assets/equipment/weapon/89107.png","89107","89107","89100","weapon"
"client/assets/equipment/weapon/89108.png","89108","89108","89100","weapon"
"client/assets/equipment/weapon/89109.png","89109","89109","89100","weapon"
"client/assets/equipment/weapon/89198.png","89198","89198","89190","weapon"
"client/assets/equipment/weapon/89200.png","89200","89200","89200","weapon"
"client/assets/equipment/weapon/89201.png","89201","89201","89200","weapon"
"client/assets/equipment/weapon/89202.png","89202","89202","89200","weapon"
"client/assets/equipment/weapon/89203.png","89203","89203","89200","weapon"
"client/assets/equipment/weapon/89204.png","89204","89204","89200","weapon"
"client/assets/equipment/weapon/89205.png","89205","89205","89200","weapon"
"client/assets/equipment/weapon/89206.png","89206","89206","89200","weapon"
"client/assets/equipment/weapon/89207.png","89207","89207","89200","weapon"
"client/assets/equipment/weapon/89208.png","89208","89208","89200","weapon"
"client/assets/equipment/weapon/89209.png","89209","89209","89200","weapon"
"client/assets/equipment/weapon/89298.png","89298","89298","89290","weapon"
"client/assets/equipment/weapon/89300.png","89300","89300","89300","weapon"
"client/assets/equipment/weapon/89301.png","89301","89301","89300","weapon"
"client/assets/equipment/weapon/89302.png","89302","89302","89300","weapon"
"client/assets/equipment/weapon/89303.png","89303","89303","89300","weapon"
"client/assets/equipment/weapon/89304.png","89304","89304","89300","weapon"
"client/assets/equipment/weapon/89305.png","89305","89305","89300","weapon"
"client/assets/equipment/weapon/89306.png","89306","89306","89300","weapon"
"client/assets/equipment/weapon/89307.png","89307","89307","89300","weapon"
"client/assets/equipment/weapon/89308.png","89308","89308","89300","weapon"
"client/assets/equipment/weapon/89309.png","89309","89309","89300","weapon"
"client/assets/equipment/weapon/89398.png","89398","89398","89390","weapon"
"client/assets/equipment/helmet/90400.png","90400","90400","90400","helmet"
"client/assets/equipment/helmet/90401.png","90401","90401","90400","helmet"
"client/assets/equipment/helmet/90402.png","90402","90402","90400","helmet"
"client/assets/equipment/helmet/90403.png","90403","90403","90400","helmet"
"client/assets/equipment/helmet/90404.png","90404","90404","90400","helmet"
"client/assets/equipment/helmet/90405.png","90405","90405","90400","helmet"
"client/assets/equipment/helmet/90406.png","90406","90406","90400","helmet"
"client/assets/equipment/helmet/90407.png","90407","90407","90400","helmet"
"client/assets/equipment/helmet/90408.png","90408","90408","90400","helmet"
"client/assets/equipment/helmet/90409.png","90409","90409","90400","helmet"
"client/assets/equipment/helmet/90498.png","90498","90498","90490","helmet"
"client/assets/equipment/helmet/90800.png","90800","90800","90800","helmet"
"client/assets/equipment/helmet/90801.png","90801","90801","90800","helmet"
"client/assets/equipment/helmet/90802.png","90802","90802","90800","helmet"
"client/assets/equipment/helmet/90803.png","90803","90803","90800","helmet"
"client/assets/equipment/helmet/90804.png","90804","90804","90800","helmet"
"client/assets/equipment/helmet/90805.png","90805","90805","90800","helmet"
"client/assets/equipment/helmet/90806.png","90806","90806","90800","helmet"
"client/assets/equipment/helmet/90807.png","90807","90807","90800","helmet"
"client/assets/equipment/helmet/90808.png","90808","90808","90800","helmet"
"client/assets/equipment/helmet/90809.png","90809","90809","90800","helmet"
"client/assets/equipment/helmet/90898.png","90898","90898","90890","helmet"
"client/assets/equipment/helmet/92000.png","92000","92000","92000","helmet"
"client/assets/equipment/helmet/92001.png","92001","92001","92000","helmet"
"client/assets/equipment/helmet/92002.png","92002","92002","92000","helmet"
"client/assets/equipment/helmet/92003.png","92003","92003","92000","helmet"
"client/assets/equipment/helmet/92004.png","92004","92004","92000","helmet"
"client/assets/equipment/helmet/92005.png","92005","92005","92000","helmet"
"client/assets/equipment/helmet/92006.png","92006","92006","92000","helmet"
"client/assets/equipment/helmet/92007.png","92007","92007","92000","helmet"
"client/assets/equipment/helmet/92008.png","92008","92008","92000","helmet"
"client/assets/equipment/helmet/92009.png","92009","92009","92000","helmet"
"client/assets/equipment/helmet/92098.png","92098","92098","92090","helmet"
"client/assets/equipment/helmet/92400.png","92400","92400","92400","helmet"
"client/assets/equipment/helmet/92401.png","92401","92401","92400","helmet"
"client/assets/equipment/helmet/92402.png","92402","92402","92400","helmet"
"client/assets/equipment/helmet/92403.png","92403","92403","92400","helmet"
"client/assets/equipment/helmet/92404.png","92404","92404","92400","helmet"
"client/assets/equipment/helmet/92405.png","92405","92405","92400","helmet"
"client/assets/equipment/helmet/92406.png","92406","92406","92400","helmet"
"client/assets/equipment/helmet/92407.png","92407","92407","92400","helmet"
"client/assets/equipment/helmet/92408.png","92408","92408","92400","helmet"
"client/assets/equipment/helmet/92409.png","92409","92409","92400","helmet"
"client/assets/equipment/helmet/92498.png","92498","92498","92490","helmet"
"client/assets/equipment/helmet/92500.png","92500","92500","92500","helmet"
"client/assets/equipment/helmet/92501.png","92501","92501","92500","helmet"
"client/assets/equipment/helmet/92502.png","92502","92502","92500","helmet"
"client/assets/equipment/helmet/92503.png","92503","92503","92500","helmet"
"client/assets/equipment/helmet/92504.png","92504","92504","92500","helmet"
"client/assets/equipment/helmet/92505.png","92505","92505","92500","helmet"
"client/assets/equipment/helmet/92506.png","92506","92506","92500","helmet"
"client/assets/equipment/helmet/92507.png","92507","92507","92500","helmet"
"client/assets/equipment/helmet/92508.png","92508","92508","92500","helmet"
"client/assets/equipment/helmet/92509.png","92509","92509","92500","helmet"
"client/assets/equipment/helmet/92598.png","92598","92598","92590","helmet"
"client/assets/equipment/helmet/94000.png","94000","94000","94000","helmet"
"client/assets/equipment/helmet/94001.png","94001","94001","94000","helmet"
"client/assets/equipment/helmet/94002.png","94002","94002","94000","helmet"
"client/assets/equipment/helmet/94003.png","94003","94003","94000","helmet"
"client/assets/equipment/helmet/94004.png","94004","94004","94000","helmet"
"client/assets/equipment/helmet/94005.png","94005","94005","94000","helmet"
"client/assets/equipment/helmet/94006.png","94006","94006","94000","helmet"
"client/assets/equipment/helmet/94007.png","94007","94007","94000","helmet"
"client/assets/equipment/helmet/94008.png","94008","94008","94000","helmet"
"client/assets/equipment/helmet/94009.png","94009","94009","94000","helmet"
"client/assets/equipment/helmet/94098.png","94098","94098","94090","helmet"
"client/assets/equipment/helmet/94100.png","94100","94100","94100","helmet"
"client/assets/equipment/helmet/94101.png","94101","94101","94100","helmet"
"client/assets/equipment/helmet/94102.png","94102","94102","94100","helmet"
"client/assets/equipment/helmet/94103.png","94103","94103","94100","helmet"
"client/assets/equipment/helmet/94104.png","94104","94104","94100","helmet"
"client/assets/equipment/helmet/94105.png","94105","94105","94100","helmet"
"client/assets/equipment/helmet/94106.png","94106","94106","94100","helmet"
"client/assets/equipment/helmet/94107.png","94107","94107","94100","helmet"
"client/assets/equipment/helmet/94108.png","94108","94108","94100","helmet"
"client/assets/equipment/helmet/94109.png","94109","94109","94100","helmet"
"client/assets/equipment/helmet/94198.png","94198","94198","94190","helmet"
"client/assets/equipment/helmet/94200.png","94200","94200","94200","helmet"
"client/assets/equipment/helmet/94201.png","94201","94201","94200","helmet"
"client/assets/equipment/helmet/94202.png","94202","94202","94200","helmet"
"client/assets/equipment/helmet/94203.png","94203","94203","94200","helmet"
"client/assets/equipment/helmet/94204.png","94204","94204","94200","helmet"
"client/assets/equipment/helmet/94205.png","94205","94205","94200","helmet"
"client/assets/equipment/helmet/94206.png","94206","94206","94200","helmet"
"client/assets/equipment/helmet/94207.png","94207","94207","94200","helmet"
"client/assets/equipment/helmet/94208.png","94208","94208","94200","helmet"
"client/assets/equipment/helmet/94209.png","94209","94209","94200","helmet"
"client/assets/equipment/helmet/94298.png","94298","94298","94290","helmet"
"client/assets/equipment/helmet/94300.png","94300","94300","94300","helmet"
"client/assets/equipment/helmet/94301.png","94301","94301","94300","helmet"
"client/assets/equipment/helmet/94302.png","94302","94302","94300","helmet"
"client/assets/equipment/helmet/94303.png","94303","94303","94300","helmet"
"client/assets/equipment/helmet/94304.png","94304","94304","94300","helmet"
"client/assets/equipment/helmet/94305.png","94305","94305","94300","helmet"
"client/assets/equipment/helmet/94306.png","94306","94306","94300","helmet"
"client/assets/equipment/helmet/94307.png","94307","94307","94300","helmet"
"client/assets/equipment/helmet/94308.png","94308","94308","94300","helmet"
"client/assets/equipment/helmet/94309.png","94309","94309","94300","helmet"
"client/assets/equipment/helmet/94398.png","94398","94398","94390","helmet"
"client/assets/equipment/helmet/97100.png","97100","97100","97100","helmet"
"client/assets/equipment/helmet/97101.png","97101","97101","97100","helmet"
"client/assets/equipment/helmet/97102.png","97102","97102","97100","helmet"
"client/assets/equipment/helmet/97103.png","97103","97103","97100","helmet"
"client/assets/equipment/helmet/97104.png","97104","97104","97100","helmet"
"client/assets/equipment/helmet/97105.png","97105","97105","97100","helmet"
"client/assets/equipment/helmet/97106.png","97106","97106","97100","helmet"
"client/assets/equipment/helmet/97107.png","97107","97107","97100","helmet"
"client/assets/equipment/helmet/97108.png","97108","97108","97100","helmet"
"client/assets/equipment/helmet/97109.png","97109","97109","97100","helmet"
"client/assets/equipment/helmet/97198.png","97198","97198","97190","helmet"
"client/assets/equipment/helmet/97400.png","97400","97400","97400","helmet"
"client/assets/equipment/helmet/97401.png","97401","97401","97400","helmet"
"client/assets/equipment/helmet/97402.png","97402","97402","97400","helmet"
"client/assets/equipment/helmet/97403.png","97403","97403","97400","helmet"
"client/assets/equipment/helmet/97404.png","97404","97404","97400","helmet"
"client/assets/equipment/helmet/97405.png","97405","97405","97400","helmet"
"client/assets/equipment/helmet/97406.png","97406","97406","97400","helmet"
"client/assets/equipment/helmet/97407.png","97407","97407","97400","helmet"
"client/assets/equipment/helmet/97408.png","97408","97408","97400","helmet"
"client/assets/equipment/helmet/97409.png","97409","97409","97400","helmet"
"client/assets/equipment/helmet/97498.png","97498","97498","97490","helmet"
"client/assets/equipment/helmet/97500.png","97500","97500","97500","helmet"
"client/assets/equipment/helmet/97501.png","97501","97501","97500","helmet"
"client/assets/equipment/helmet/97502.png","97502","97502","97500","helmet"
"client/assets/equipment/helmet/97503.png","97503","97503","97500","helmet"
"client/assets/equipment/helmet/97504.png","97504","97504","97500","helmet"
"client/assets/equipment/helmet/97505.png","97505","97505","97500","helmet"
"client/assets/equipment/helmet/97506.png","97506","97506","97500","helmet"
"client/assets/equipment/helmet/97507.png","97507","97507","97500","helmet"
"client/assets/equipment/helmet/97508.png","97508","97508","97500","helmet"
"client/assets/equipment/helmet/97509.png","97509","97509","97500","helmet"
"client/assets/equipment/helmet/97598.png","97598","97598","97590","helmet"
"client/assets/equipment/helmet/98000.png","98000","98000","98000","helmet"
"client/assets/equipment/helmet/98001.png","98001","98001","98000","helmet"
"client/assets/equipment/helmet/98002.png","98002","98002","98000","helmet"
"client/assets/equipment/helmet/98003.png","98003","98003","98000","helmet"
"client/assets/equipment/helmet/98004.png","98004","98004","98000","helmet"
"client/assets/equipment/helmet/98005.png","98005","98005","98000","helmet"
"client/assets/equipment/helmet/98006.png","98006","98006","98000","helmet"
"client/assets/equipment/helmet/98007.png","98007","98007","98000","helmet"
"client/assets/equipment/helmet/98008.png","98008","98008","98000","helmet"
"client/assets/equipment/helmet/98009.png","98009","98009","98000","helmet"
"client/assets/equipment/helmet/98098.png","98098","98098","98090","helmet"
"client/assets/equipment/helmet/98100.png","98100","98100","98100","helmet"
"client/assets/equipment/helmet/98101.png","98101","98101","98100","helmet"
"client/assets/equipment/helmet/98102.png","98102","98102","98100","helmet"
"client/assets/equipment/helmet/98103.png","98103","98103","98100","helmet"
"client/assets/equipment/helmet/98104.png","98104","98104","98100","helmet"
"client/assets/equipment/helmet/98105.png","98105","98105","98100","helmet"
"client/assets/equipment/helmet/98106.png","98106","98106","98100","helmet"
"client/assets/equipment/helmet/98107.png","98107","98107","98100","helmet"
"client/assets/equipment/helmet/98108.png","98108","98108","98100","helmet"
"client/assets/equipment/helmet/98109.png","98109","98109","98100","helmet"
"client/assets/equipment/helmet/98198.png","98198","98198","98190","helmet"
"client/assets/equipment/helmet/98200.png","98200","98200","98200","helmet"
"client/assets/equipment/helmet/98201.png","98201","98201","98200","helmet"
"client/assets/equipment/helmet/98202.png","98202","98202","98200","helmet"
"client/assets/equipment/helmet/98203.png","98203","98203","98200","helmet"
"client/assets/equipment/helmet/98204.png","98204","98204","98200","helmet"
"client/assets/equipment/helmet/98205.png","98205","98205","98200","helmet"
"client/assets/equipment/helmet/98206.png","98206","98206","98200","helmet"
"client/assets/equipment/helmet/98207.png","98207","98207","98200","helmet"
"client/assets/equipment/helmet/98208.png","98208","98208","98200","helmet"
"client/assets/equipment/helmet/98209.png","98209","98209","98200","helmet"
"client/assets/equipment/helmet/98298.png","98298","98298","98290","helmet"
"client/assets/equipment/helmet/98300.png","98300","98300","98300","helmet"
"client/assets/equipment/helmet/98301.png","98301","98301","98300","helmet"
"client/assets/equipment/helmet/98302.png","98302","98302","98300","helmet"
"client/assets/equipment/helmet/98303.png","98303","98303","98300","helmet"
"client/assets/equipment/helmet/98304.png","98304","98304","98300","helmet"
"client/assets/equipment/helmet/98305.png","98305","98305","98300","helmet"
"client/assets/equipment/helmet/98306.png","98306","98306","98300","helmet"
"client/assets/equipment/helmet/98307.png","98307","98307","98300","helmet"
"client/assets/equipment/helmet/98308.png","98308","98308","98300","helmet"
"client/assets/equipment/helmet/98309.png","98309","98309","98300","helmet"
"client/assets/equipment/helmet/98398.png","98398","98398","98390","helmet"
"client/assets/equipment/helmet/99900.png","99900","99900","99900","helmet"
"client/assets/equipment/helmet/99901.png","99901","99901","99900","helmet"
"client/assets/equipment/helmet/99902.png","99902","99902","99900","helmet"
"client/assets/equipment/helmet/99903.png","99903","99903","99900","helmet"
"client/assets/equipment/helmet/99904.png","99904","99904","99900","helmet"
"client/assets/equipment/helmet/99905.png","99905","99905","99900","helmet"
"client/assets/equipment/helmet/99906.png","99906","99906","99900","helmet"
"client/assets/equipment/helmet/99907.png","99907","99907","99900","helmet"
"client/assets/equipment/helmet/99908.png","99908","99908","99900","helmet"
"client/assets/equipment/helmet/99909.png","99909","99909","99900","helmet"
"client/assets/equipment/helmet/99998.png","99998","99998","99990","helmet"
"client/assets/equipment/accessory/120198.png","120198","120198","120190","accessory"
"client/assets/equipment/accessory/120298.png","120298","120298","120290","accessory"
"client/assets/equipment/accessory/120398.png","120398","120398","120390","accessory"
"client/assets/equipment/accessory/120498.png","120498","120498","120490","accessory"
"client/assets/equipment/accessory/120598.png","120598","120598","120590","accessory"
"client/assets/equipment/accessory/120698.png","120698","120698","120690","accessory"
"client/assets/equipment/accessory/120798.png","120798","120798","120790","accessory"
"client/assets/equipment/accessory/120898.png","120898","120898","120890","accessory"
"client/assets/equipment/accessory/120998.png","120998","120998","120990","accessory"
"client/assets/equipment/accessory/121098.png","121098","121098","121090","accessory"
"client/assets/equipment/accessory/121198.png","121198","121198","121190","accessory"
"client/assets/equipment/accessory/121298.png","121298","121298","121290","accessory"
"client/assets/equipment/accessory/121398.png","121398","121398","121390","accessory"
"client/assets/equipment/accessory/121498.png","121498","121498","121490","accessory"
"client/assets/equipment/accessory/121598.png","121598","121598","121590","accessory"
"client/assets/equipment/accessory/121698.png","121698","121698","121690","accessory"
"client/assets/equipment/accessory/121798.png","121798","121798","121790","accessory"
"client/assets/equipment/accessory/121898.png","121898","121898","121890","accessory"
"client/assets/equipment/accessory/121998.png","121998","121998","121990","accessory"
"client/assets/equipment/accessory/122098.png","122098","122098","122090","accessory"
"client/assets/equipment/accessory/122198.png","122198","122198","122190","accessory"
"client/assets/equipment/accessory/122298.png","122298","122298","122290","accessory"
"client/assets/equipment/accessory/122398.png","122398","122398","122390","accessory"
"client/assets/equipment/accessory/122498.png","122498","122498","122490","accessory"
"client/assets/equipment/accessory/122598.png","122598","122598","122590","accessory"
"client/assets/equipment/accessory/128098.png","128098","128098","128090","accessory"
"client/assets/equipment/accessory/128198.png","128198","128198","128190","accessory"
"client/assets/equipment/accessory/128298.png","128298","128298","128290","accessory"
"client/assets/equipment/accessory/128398.png","128398","128398","128390","accessory"
"client/assets/equipment/accessory/130000.png","130000","130000","130000","accessory"
"client/assets/equipment/accessory/130098.png","130098","130098","130090","accessory"
"client/assets/equipment/accessory/130100.png","130100","130100","130100","accessory"
"client/assets/equipment/accessory/130198.png","130198","130198","130190","accessory"
"client/assets/equipment/accessory/140098.png","140098","140098","140090","accessory"
"client/assets/equipment/accessory/90200.png","90200","90200","90200","accessory"
"client/assets/equipment/accessory/90201.png","90201","90201","90200","accessory"
"client/assets/equipment/accessory/90202.png","90202","90202","90200","accessory"
"client/assets/equipment/accessory/90203.png","90203","90203","90200","accessory"
"client/assets/equipment/accessory/90204.png","90204","90204","90200","accessory"
"client/assets/equipment/accessory/90205.png","90205","90205","90200","accessory"
"client/assets/equipment/accessory/90206.png","90206","90206","90200","accessory"
"client/assets/equipment/accessory/90207.png","90207","90207","90200","accessory"
"client/assets/equipment/accessory/90208.png","90208","90208","90200","accessory"
"client/assets/equipment/accessory/90209.png","90209","90209","90200","accessory"
"client/assets/equipment/accessory/90298.png","90298","90298","90290","accessory"
"client/assets/equipment/accessory/90300.png","90300","90300","90300","accessory"
"client/assets/equipment/accessory/90301.png","90301","90301","90300","accessory"
"client/assets/equipment/accessory/90302.png","90302","90302","90300","accessory"
"client/assets/equipment/accessory/90303.png","90303","90303","90300","accessory"
"client/assets/equipment/accessory/90304.png","90304","90304","90300","accessory"
"client/assets/equipment/accessory/90305.png","90305","90305","90300","accessory"
"client/assets/equipment/accessory/90306.png","90306","90306","90300","accessory"
"client/assets/equipment/accessory/90307.png","90307","90307","90300","accessory"
"client/assets/equipment/accessory/90308.png","90308","90308","90300","accessory"
"client/assets/equipment/accessory/90309.png","90309","90309","90300","accessory"
"client/assets/equipment/accessory/90398.png","90398","90398","90390","accessory"
"client/assets/equipment/premium/95200.png","95200","95200","95200","premium"
"client/assets/equipment/premium/95201.png","95201","95201","95200","premium"
"client/assets/equipment/premium/95202.png","95202","95202","95200","premium"
"client/assets/equipment/premium/95203.png","95203","95203","95200","premium"
"client/assets/equipment/premium/95204.png","95204","95204","95200","premium"
"client/assets/equipment/premium/95205.png","95205","95205","95200","premium"
"client/assets/equipment/premium/95206.png","95206","95206","95200","premium"
"client/assets/equipment/premium/95207.png","95207","95207","95200","premium"
"client/assets/equipment/premium/95208.png","95208","95208","95200","premium"
"client/assets/equipment/premium/95209.png","95209","95209","95200","premium"
"client/assets/equipment/premium/95298.png","95298","95298","95290","premium"
"client/assets/equipment/premium/95400.png","95400","95400","95400","premium"
"client/assets/equipment/premium/95401.png","95401","95401","95400","premium"
"client/assets/equipment/premium/95402.png","95402","95402","95400","premium"
"client/assets/equipment/premium/95403.png","95403","95403","95400","premium"
"client/assets/equipment/premium/95404.png","95404","95404","95400","premium"
"client/assets/equipment/premium/95405.png","95405","95405","95400","premium"
"client/assets/equipment/premium/95406.png","95406","95406","95400","premium"
"client/assets/equipment/premium/95407.png","95407","95407","95400","premium"
"client/assets/equipment/premium/95408.png","95408","95408","95400","premium"
"client/assets/equipment/premium/95409.png","95409","95409","95400","premium"
"client/assets/equipment/premium/95498.png","95498","95498","95490","premium"
"client/assets/equipment/premium/95500.png","95500","95500","95500","premium"
"client/assets/equipment/premium/95501.png","95501","95501","95500","premium"
"client/assets/equipment/premium/95502.png","95502","95502","95500","premium"
"client/assets/equipment/premium/95503.png","95503","95503","95500","premium"
"client/assets/equipment/premium/95504.png","95504","95504","95500","premium"
"client/assets/equipment/premium/95505.png","95505","95505","95500","premium"
"client/assets/equipment/premium/95506.png","95506","95506","95500","premium"
"client/assets/equipment/premium/95507.png","95507","95507","95500","premium"
"client/assets/equipment/premium/95508.png","95508","95508","95500","premium"
"client/assets/equipment/premium/95509.png","95509","95509","95500","premium"
"client/assets/equipment/premium/95598.png","95598","95598","95590","premium"
"client/assets/equipment/premium/95700.png","95700","95700","95700","premium"
"client/assets/equipment/premium/95701.png","95701","95701","95700","premium"
"client/assets/equipment/premium/95702.png","95702","95702","95700","premium"
"client/assets/equipment/premium/95703.png","95703","95703","95700","premium"
"client/assets/equipment/premium/95704.png","95704","95704","95700","premium"
"client/assets/equipment/premium/95705.png","95705","95705","95700","premium"
"client/assets/equipment/premium/95706.png","95706","95706","95700","premium"
"client/assets/equipment/premium/95707.png","95707","95707","95700","premium"
"client/assets/equipment/premium/95708.png","95708","95708","95700","premium"
"client/assets/equipment/premium/95709.png","95709","95709","95700","premium"
"client/assets/equipment/premium/95798.png","95798","95798","95790","premium"
"client/assets/equipment/premium/95800.png","95800","95800","95800","premium"
"client/assets/equipment/premium/95801.png","95801","95801","95800","premium"
"client/assets/equipment/premium/95802.png","95802","95802","95800","premium"
"client/assets/equipment/premium/95803.png","95803","95803","95800","premium"
"client/assets/equipment/premium/95804.png","95804","95804","95800","premium"
"client/assets/equipment/premium/95805.png","95805","95805","95800","premium"
"client/assets/equipment/premium/95806.png","95806","95806","95800","premium"
"client/assets/equipment/premium/95807.png","95807","95807","95800","premium"
"client/assets/equipment/premium/95808.png","95808","95808","95800","premium"
"client/assets/equipment/premium/95809.png","95809","95809","95800","premium"
"client/assets/equipment/premium/95898.png","95898","95898","95890","premium"
"client/assets/equipment/premium/95900.png","95900","95900","95900","premium"
"client/assets/equipment/premium/95901.png","95901","95901","95900","premium"
"client/assets/equipment/premium/95902.png","95902","95902","95900","premium"
"client/assets/equipment/premium/95903.png","95903","95903","95900","premium"
"client/assets/equipment/premium/95904.png","95904","95904","95900","premium"
"client/assets/equipment/premium/95905.png","95905","95905","95900","premium"
"client/assets/equipment/premium/95906.png","95906","95906","95900","premium"
"client/assets/equipment/premium/95907.png","95907","95907","95900","premium"
"client/assets/equipment/premium/95908.png","95908","95908","95900","premium"
"client/assets/equipment/premium/95909.png","95909","95909","95900","premium"
"client/assets/equipment/premium/95998.png","95998","95998","95990","premium"
"client/assets/equipment/premium/96000.png","96000","96000","96000","premium"
"client/assets/equipment/premium/96001.png","96001","96001","96000","premium"
"client/assets/equipment/premium/96002.png","96002","96002","96000","premium"
"client/assets/equipment/premium/96003.png","96003","96003","96000","premium"
"client/assets/equipment/premium/96004.png","96004","96004","96000","premium"
"client/assets/equipment/premium/96005.png","96005","96005","96000","premium"
"client/assets/equipment/premium/96006.png","96006","96006","96000","premium"
"client/assets/equipment/premium/96007.png","96007","96007","96000","premium"
"client/assets/equipment/premium/96008.png","96008","96008","96000","premium"
"client/assets/equipment/premium/96009.png","96009","96009","96000","premium"
"client/assets/equipment/premium/96098.png","96098","96098","96090","premium"
"client/assets/equipment/premium/96100.png","96100","96100","96100","premium"
"client/assets/equipment/premium/96101.png","96101","96101","96100","premium"
"client/assets/equipment/premium/96102.png","96102","96102","96100","premium"
"client/assets/equipment/premium/96103.png","96103","96103","96100","premium"
"client/assets/equipment/premium/96104.png","96104","96104","96100","premium"
"client/assets/equipment/premium/96105.png","96105","96105","96100","premium"
"client/assets/equipment/premium/96106.png","96106","96106","96100","premium"
"client/assets/equipment/premium/96107.png","96107","96107","96100","premium"
"client/assets/equipment/premium/96108.png","96108","96108","96100","premium"
"client/assets/equipment/premium/96109.png","96109","96109","96100","premium"
"client/assets/equipment/premium/96198.png","96198","96198","96190","premium"
"client/assets/equipment/premium/96200.png","96200","96200","96200","premium"
"client/assets/equipment/premium/96201.png","96201","96201","96200","premium"
"client/assets/equipment/premium/96202.png","96202","96202","96200","premium"
"client/assets/equipment/premium/96203.png","96203","96203","96200","premium"
"client/assets/equipment/premium/96204.png","96204","96204","96200","premium"
"client/assets/equipment/premium/96205.png","96205","96205","96200","premium"
"client/assets/equipment/premium/96206.png","96206","96206","96200","premium"
"client/assets/equipment/premium/96207.png","96207","96207","96200","premium"
"client/assets/equipment/premium/96208.png","96208","96208","96200","premium"
"client/assets/equipment/premium/96209.png","96209","96209","96200","premium"
"client/assets/equipment/premium/96298.png","96298","96298","96290","premium"
"client/assets/equipment/premium/96300.png","96300","96300","96300","premium"
"client/assets/equipment/premium/96301.png","96301","96301","96300","premium"
"client/assets/equipment/premium/96302.png","96302","96302","96300","premium"
"client/assets/equipment/premium/96303.png","96303","96303","96300","premium"
"client/assets/equipment/premium/96304.png","96304","96304","96300","premium"
"client/assets/equipment/premium/96305.png","96305","96305","96300","premium"
"client/assets/equipment/premium/96306.png","96306","96306","96300","premium"
"client/assets/equipment/premium/96307.png","96307","96307","96300","premium"
"client/assets/equipment/premium/96308.png","96308","96308","96300","premium"
"client/assets/equipment/premium/96309.png","96309","96309","96300","premium"
"client/assets/equipment/premium/96398.png","96398","96398","96390","premium"
"client/assets/equipment/ui/30099.png","30099","30099","30090","ui"
"client/assets/equipment/ui/blacksmith.png","blacksmith",,,"ui"
"client/assets/equipment/ui/broken_heart.png","broken_heart",,,"ui"
"client/assets/equipment/ui/effblacksmith.png","effblacksmith",,,"ui"
"client/assets/equipment/ui/slotlock.png","slotlock",,,"ui"
"client/assets/equipment/ui/star.png","star",,,"ui"
