jar_path,png_path
arrowfocus1.mg,canonical_from_jar_png/arrowfocus1.png
arrowfocus2.mg,canonical_from_jar_png/arrowfocus2.png
aura1.mg,canonical_from_jar_png/aura1.png
aura2.mg,canonical_from_jar_png/aura2.png
aura3.mg,canonical_from_jar_png/aura3.png
bardownloadscreen.mg,canonical_from_jar_png/bardownloadscreen.png
barrier.mg,canonical_from_jar_png/barrier.png
bklogin.mg,canonical_from_jar_png/bklogin.png
blacksmith.mg,canonical_from_jar_png/blacksmith.png
bloodthrowaround.mg,canonical_from_jar_png/bloodthrowaround.png
broken_heart.mg,canonical_from_jar_png/broken_heart.png
castingball.mg,canonical_from_jar_png/castingball.png
chess0.mg,canonical_from_jar_png/chess0.png
chess1.mg,canonical_from_jar_png/chess1.png
chess2.mg,canonical_from_jar_png/chess2.png
chess3.mg,canonical_from_jar_png/chess3.png
chess4.mg,canonical_from_jar_png/chess4.png
chess5.mg,canonical_from_jar_png/chess5.png
chess6.mg,canonical_from_jar_png/chess6.png
chess7.mg,canonical_from_jar_png/chess7.png
chess8.mg,canonical_from_jar_png/chess8.png
chesscrystal.mg,canonical_from_jar_png/chesscrystal.png
confusing.mg,canonical_from_jar_png/confusing.png
corner/1.mg,canonical_from_jar_png/corner/1.png
corner/2.mg,canonical_from_jar_png/corner/2.png
corner/3.mg,canonical_from_jar_png/corner/3.png
corner/4.mg,canonical_from_jar_png/corner/4.png
corner/5.mg,canonical_from_jar_png/corner/5.png
corner/cornerskb.mg,canonical_from_jar_png/corner/cornerskb.png
createcs/bk.mg,canonical_from_jar_png/createcs/bk.png
createcs/stone.mg,canonical_from_jar_png/createcs/stone.png
crystalblue.mg,canonical_from_jar_png/crystalblue.png
crystalred.mg,canonical_from_jar_png/crystalred.png
dialog/corner.mg,canonical_from_jar_png/dialog/corner.png
effblacksmith.mg,canonical_from_jar_png/effblacksmith.png
elementsicon.mg,canonical_from_jar_png/elementsicon.png
f/ver.mg,canonical_from_jar_png/f/ver.png
f/ver_b.mg,canonical_from_jar_png/f/ver_b.png
fillbardownloadscreen.mg,canonical_from_jar_png/fillbardownloadscreen.png
firerage.mg,canonical_from_jar_png/firerage.png
firerageext.mg,canonical_from_jar_png/firerageext.png
focusmovechess1.mg,canonical_from_jar_png/focusmovechess1.png
focustab.mg,canonical_from_jar_png/focustab.png
gate.mg,canonical_from_jar_png/gate.png
hiddendragon.mg,canonical_from_jar_png/hiddendragon.png
hiddenphoenix.mg,canonical_from_jar_png/hiddenphoenix.png
ice.mg,canonical_from_jar_png/ice.png
iconbt.mg,canonical_from_jar_png/iconbt.png
info/btinscrease.mg,canonical_from_jar_png/info/btinscrease.png
info/decrease.mg,canonical_from_jar_png/info/decrease.png
info/expicon.mg,canonical_from_jar_png/info/expicon.png
info/gauge.mg,canonical_from_jar_png/info/gauge.png
info/gold.mg,canonical_from_jar_png/info/gold.png
info/heart.mg,canonical_from_jar_png/info/heart.png
info/hidenobj.mg,canonical_from_jar_png/info/hidenobj.png
info/increase.mg,canonical_from_jar_png/info/increase.png
info/itemchest.mg,canonical_from_jar_png/info/itemchest.png
info/skilltree.mg,canonical_from_jar_png/info/skilltree.png
m/arena.mg,canonical_from_jar_png/m/arena.png
m/arrow.mg,canonical_from_jar_png/m/arrow.png
m/focusname.mg,canonical_from_jar_png/m/focusname.png
m/fsw.mg,canonical_from_jar_png/m/fsw.png
m/hand.mg,canonical_from_jar_png/m/hand.png
m/l.mg,canonical_from_jar_png/m/l.png
m/lock.mg,canonical_from_jar_png/m/lock.png
m/lock2.mg,canonical_from_jar_png/m/lock2.png
m/m.mg,canonical_from_jar_png/m/m.png
m/room.mg,canonical_from_jar_png/m/room.png
magicgate.mg,canonical_from_jar_png/magicgate.png
mecommands.mg,canonical_from_jar_png/mecommands.png
miniexplosionfire.mg,canonical_from_jar_png/miniexplosionfire.png
monster.mg,canonical_from_jar_png/monster.png
notificationnewsicon.mg,canonical_from_jar_png/notificationnewsicon.png
notifygtmicon.mg,canonical_from_jar_png/notifygtmicon.png
offline/1000000.mg,canonical_from_jar_png/offline/1000000.png
offline/1000001.mg,canonical_from_jar_png/offline/1000001.png
offline/1000002.mg,canonical_from_jar_png/offline/1000002.png
offline/100001.mg,canonical_from_jar_png/offline/100001.png
offline/100003.mg,canonical_from_jar_png/offline/100003.png
offline/100004.mg,canonical_from_jar_png/offline/100004.png
offline/100005.mg,canonical_from_jar_png/offline/100005.png
offline/100011.mg,canonical_from_jar_png/offline/100011.png
offline/100013.mg,canonical_from_jar_png/offline/100013.png
offline/100014.mg,canonical_from_jar_png/offline/100014.png
offline/100015.mg,canonical_from_jar_png/offline/100015.png
offline/100021.mg,canonical_from_jar_png/offline/100021.png
offline/100023.mg,canonical_from_jar_png/offline/100023.png
offline/100024.mg,canonical_from_jar_png/offline/100024.png
offline/100025.mg,canonical_from_jar_png/offline/100025.png
offline/100031.mg,canonical_from_jar_png/offline/100031.png
offline/100033.mg,canonical_from_jar_png/offline/100033.png
offline/100034.mg,canonical_from_jar_png/offline/100034.png
offline/100035.mg,canonical_from_jar_png/offline/100035.png
offline/100041.mg,canonical_from_jar_png/offline/100041.png
offline/100043.mg,canonical_from_jar_png/offline/100043.png
offline/100044.mg,canonical_from_jar_png/offline/100044.png
offline/100045.mg,canonical_from_jar_png/offline/100045.png
offline/100051.mg,canonical_from_jar_png/offline/100051.png
offline/100053.mg,canonical_from_jar_png/offline/100053.png
offline/100054.mg,canonical_from_jar_png/offline/100054.png
offline/100055.mg,canonical_from_jar_png/offline/100055.png
offline/100061.mg,canonical_from_jar_png/offline/100061.png
offline/100063.mg,canonical_from_jar_png/offline/100063.png
offline/100064.mg,canonical_from_jar_png/offline/100064.png
offline/100065.mg,canonical_from_jar_png/offline/100065.png
offline/100071.mg,canonical_from_jar_png/offline/100071.png
offline/100073.mg,canonical_from_jar_png/offline/100073.png
offline/100074.mg,canonical_from_jar_png/offline/100074.png
offline/100075.mg,canonical_from_jar_png/offline/100075.png
offline/100081.mg,canonical_from_jar_png/offline/100081.png
offline/100083.mg,canonical_from_jar_png/offline/100083.png
offline/100085.mg,canonical_from_jar_png/offline/100085.png
offline/100086.mg,canonical_from_jar_png/offline/100086.png
offline/100091.mg,canonical_from_jar_png/offline/100091.png
offline/100093.mg,canonical_from_jar_png/offline/100093.png
offline/100095.mg,canonical_from_jar_png/offline/100095.png
offline/100096.mg,canonical_from_jar_png/offline/100096.png
offline/1001000.mg,canonical_from_jar_png/offline/1001000.png
offline/1001001.mg,canonical_from_jar_png/offline/1001001.png
offline/100101.mg,canonical_from_jar_png/offline/100101.png
offline/100103.mg,canonical_from_jar_png/offline/100103.png
offline/100105.mg,canonical_from_jar_png/offline/100105.png
offline/100106.mg,canonical_from_jar_png/offline/100106.png
offline/100111.mg,canonical_from_jar_png/offline/100111.png
offline/100113.mg,canonical_from_jar_png/offline/100113.png
offline/100114.mg,canonical_from_jar_png/offline/100114.png
offline/100115.mg,canonical_from_jar_png/offline/100115.png
offline/100121.mg,canonical_from_jar_png/offline/100121.png
offline/100123.mg,canonical_from_jar_png/offline/100123.png
offline/100124.mg,canonical_from_jar_png/offline/100124.png
offline/100125.mg,canonical_from_jar_png/offline/100125.png
offline/100131.mg,canonical_from_jar_png/offline/100131.png
offline/100133.mg,canonical_from_jar_png/offline/100133.png
offline/100135.mg,canonical_from_jar_png/offline/100135.png
offline/100136.mg,canonical_from_jar_png/offline/100136.png
offline/100141.mg,canonical_from_jar_png/offline/100141.png
offline/100143.mg,canonical_from_jar_png/offline/100143.png
offline/100144.mg,canonical_from_jar_png/offline/100144.png
offline/100145.mg,canonical_from_jar_png/offline/100145.png
offline/100151.mg,canonical_from_jar_png/offline/100151.png
offline/100153.mg,canonical_from_jar_png/offline/100153.png
offline/100155.mg,canonical_from_jar_png/offline/100155.png
offline/100156.mg,canonical_from_jar_png/offline/100156.png
offline/100161.mg,canonical_from_jar_png/offline/100161.png
offline/100163.mg,canonical_from_jar_png/offline/100163.png
offline/100164.mg,canonical_from_jar_png/offline/100164.png
offline/100165.mg,canonical_from_jar_png/offline/100165.png
offline/100171.mg,canonical_from_jar_png/offline/100171.png
offline/100173.mg,canonical_from_jar_png/offline/100173.png
offline/100175.mg,canonical_from_jar_png/offline/100175.png
offline/100176.mg,canonical_from_jar_png/offline/100176.png
offline/100181.mg,canonical_from_jar_png/offline/100181.png
offline/100183.mg,canonical_from_jar_png/offline/100183.png
offline/100185.mg,canonical_from_jar_png/offline/100185.png
offline/100186.mg,canonical_from_jar_png/offline/100186.png
offline/100191.mg,canonical_from_jar_png/offline/100191.png
offline/100193.mg,canonical_from_jar_png/offline/100193.png
offline/100194.mg,canonical_from_jar_png/offline/100194.png
offline/100195.mg,canonical_from_jar_png/offline/100195.png
offline/1002000.mg,canonical_from_jar_png/offline/1002000.png
offline/100201.mg,canonical_from_jar_png/offline/100201.png
offline/100203.mg,canonical_from_jar_png/offline/100203.png
offline/100204.mg,canonical_from_jar_png/offline/100204.png
offline/100205.mg,canonical_from_jar_png/offline/100205.png
offline/100211.mg,canonical_from_jar_png/offline/100211.png
offline/100213.mg,canonical_from_jar_png/offline/100213.png
offline/100214.mg,canonical_from_jar_png/offline/100214.png
offline/100215.mg,canonical_from_jar_png/offline/100215.png
offline/100221.mg,canonical_from_jar_png/offline/100221.png
offline/100223.mg,canonical_from_jar_png/offline/100223.png
offline/100225.mg,canonical_from_jar_png/offline/100225.png
offline/100226.mg,canonical_from_jar_png/offline/100226.png
offline/100231.mg,canonical_from_jar_png/offline/100231.png
offline/100233.mg,canonical_from_jar_png/offline/100233.png
offline/100234.mg,canonical_from_jar_png/offline/100234.png
offline/100235.mg,canonical_from_jar_png/offline/100235.png
offline/100241.mg,canonical_from_jar_png/offline/100241.png
offline/100243.mg,canonical_from_jar_png/offline/100243.png
offline/100245.mg,canonical_from_jar_png/offline/100245.png
offline/100246.mg,canonical_from_jar_png/offline/100246.png
offline/100251.mg,canonical_from_jar_png/offline/100251.png
offline/100253.mg,canonical_from_jar_png/offline/100253.png
offline/100254.mg,canonical_from_jar_png/offline/100254.png
offline/100255.mg,canonical_from_jar_png/offline/100255.png
offline/100261.mg,canonical_from_jar_png/offline/100261.png
offline/100263.mg,canonical_from_jar_png/offline/100263.png
offline/100264.mg,canonical_from_jar_png/offline/100264.png
offline/100265.mg,canonical_from_jar_png/offline/100265.png
offline/100271.mg,canonical_from_jar_png/offline/100271.png
offline/100273.mg,canonical_from_jar_png/offline/100273.png
offline/100274.mg,canonical_from_jar_png/offline/100274.png
offline/100275.mg,canonical_from_jar_png/offline/100275.png
offline/100281.mg,canonical_from_jar_png/offline/100281.png
offline/100283.mg,canonical_from_jar_png/offline/100283.png
offline/100284.mg,canonical_from_jar_png/offline/100284.png
offline/100285.mg,canonical_from_jar_png/offline/100285.png
offline/100291.mg,canonical_from_jar_png/offline/100291.png
offline/100293.mg,canonical_from_jar_png/offline/100293.png
offline/100294.mg,canonical_from_jar_png/offline/100294.png
offline/100295.mg,canonical_from_jar_png/offline/100295.png
offline/1003000.mg,canonical_from_jar_png/offline/1003000.png
offline/1003001.mg,canonical_from_jar_png/offline/1003001.png
offline/1003002.mg,canonical_from_jar_png/offline/1003002.png
offline/1003003.mg,canonical_from_jar_png/offline/1003003.png
offline/100303.mg,canonical_from_jar_png/offline/100303.png
offline/100305.mg,canonical_from_jar_png/offline/100305.png
offline/100306.mg,canonical_from_jar_png/offline/100306.png
offline/100313.mg,canonical_from_jar_png/offline/100313.png
offline/100315.mg,canonical_from_jar_png/offline/100315.png
offline/100316.mg,canonical_from_jar_png/offline/100316.png
offline/100323.mg,canonical_from_jar_png/offline/100323.png
offline/100325.mg,canonical_from_jar_png/offline/100325.png
offline/100326.mg,canonical_from_jar_png/offline/100326.png
offline/100331.mg,canonical_from_jar_png/offline/100331.png
offline/100333.mg,canonical_from_jar_png/offline/100333.png
offline/100335.mg,canonical_from_jar_png/offline/100335.png
offline/100336.mg,canonical_from_jar_png/offline/100336.png
offline/100341.mg,canonical_from_jar_png/offline/100341.png
offline/100343.mg,canonical_from_jar_png/offline/100343.png
offline/100345.mg,canonical_from_jar_png/offline/100345.png
offline/100346.mg,canonical_from_jar_png/offline/100346.png
offline/100351.mg,canonical_from_jar_png/offline/100351.png
offline/100353.mg,canonical_from_jar_png/offline/100353.png
offline/100354.mg,canonical_from_jar_png/offline/100354.png
offline/100355.mg,canonical_from_jar_png/offline/100355.png
offline/100361.mg,canonical_from_jar_png/offline/100361.png
offline/100363.mg,canonical_from_jar_png/offline/100363.png
offline/100364.mg,canonical_from_jar_png/offline/100364.png
offline/100365.mg,canonical_from_jar_png/offline/100365.png
offline/100371.mg,canonical_from_jar_png/offline/100371.png
offline/100373.mg,canonical_from_jar_png/offline/100373.png
offline/100374.mg,canonical_from_jar_png/offline/100374.png
offline/100375.mg,canonical_from_jar_png/offline/100375.png
offline/100381.mg,canonical_from_jar_png/offline/100381.png
offline/100383.mg,canonical_from_jar_png/offline/100383.png
offline/100384.mg,canonical_from_jar_png/offline/100384.png
offline/100385.mg,canonical_from_jar_png/offline/100385.png
offline/100391.mg,canonical_from_jar_png/offline/100391.png
offline/100393.mg,canonical_from_jar_png/offline/100393.png
offline/100394.mg,canonical_from_jar_png/offline/100394.png
offline/100395.mg,canonical_from_jar_png/offline/100395.png
offline/1004000.mg,canonical_from_jar_png/offline/1004000.png
offline/1004001.mg,canonical_from_jar_png/offline/1004001.png
offline/100401.mg,canonical_from_jar_png/offline/100401.png
offline/100403.mg,canonical_from_jar_png/offline/100403.png
offline/100404.mg,canonical_from_jar_png/offline/100404.png
offline/100405.mg,canonical_from_jar_png/offline/100405.png
offline/100411.mg,canonical_from_jar_png/offline/100411.png
offline/100413.mg,canonical_from_jar_png/offline/100413.png
offline/100414.mg,canonical_from_jar_png/offline/100414.png
offline/100415.mg,canonical_from_jar_png/offline/100415.png
offline/100421.mg,canonical_from_jar_png/offline/100421.png
offline/100423.mg,canonical_from_jar_png/offline/100423.png
offline/100424.mg,canonical_from_jar_png/offline/100424.png
offline/100425.mg,canonical_from_jar_png/offline/100425.png
offline/100431.mg,canonical_from_jar_png/offline/100431.png
offline/100433.mg,canonical_from_jar_png/offline/100433.png
offline/100435.mg,canonical_from_jar_png/offline/100435.png
offline/100436.mg,canonical_from_jar_png/offline/100436.png
offline/100441.mg,canonical_from_jar_png/offline/100441.png
offline/100443.mg,canonical_from_jar_png/offline/100443.png
offline/100444.mg,canonical_from_jar_png/offline/100444.png
offline/100445.mg,canonical_from_jar_png/offline/100445.png
offline/100451.mg,canonical_from_jar_png/offline/100451.png
offline/100453.mg,canonical_from_jar_png/offline/100453.png
offline/100454.mg,canonical_from_jar_png/offline/100454.png
offline/100455.mg,canonical_from_jar_png/offline/100455.png
offline/100461.mg,canonical_from_jar_png/offline/100461.png
offline/100463.mg,canonical_from_jar_png/offline/100463.png
offline/100464.mg,canonical_from_jar_png/offline/100464.png
offline/100465.mg,canonical_from_jar_png/offline/100465.png
offline/100471.mg,canonical_from_jar_png/offline/100471.png
offline/100473.mg,canonical_from_jar_png/offline/100473.png
offline/100475.mg,canonical_from_jar_png/offline/100475.png
offline/100476.mg,canonical_from_jar_png/offline/100476.png
offline/100481.mg,canonical_from_jar_png/offline/100481.png
offline/100483.mg,canonical_from_jar_png/offline/100483.png
offline/100484.mg,canonical_from_jar_png/offline/100484.png
offline/100485.mg,canonical_from_jar_png/offline/100485.png
offline/100491.mg,canonical_from_jar_png/offline/100491.png
offline/100493.mg,canonical_from_jar_png/offline/100493.png
offline/100494.mg,canonical_from_jar_png/offline/100494.png
offline/100495.mg,canonical_from_jar_png/offline/100495.png
offline/1005000.mg,canonical_from_jar_png/offline/1005000.png
offline/1005001.mg,canonical_from_jar_png/offline/1005001.png
offline/100501.mg,canonical_from_jar_png/offline/100501.png
offline/100503.mg,canonical_from_jar_png/offline/100503.png
offline/100504.mg,canonical_from_jar_png/offline/100504.png
offline/100505.mg,canonical_from_jar_png/offline/100505.png
offline/100511.mg,canonical_from_jar_png/offline/100511.png
offline/100513.mg,canonical_from_jar_png/offline/100513.png
offline/100515.mg,canonical_from_jar_png/offline/100515.png
offline/100516.mg,canonical_from_jar_png/offline/100516.png
offline/100521.mg,canonical_from_jar_png/offline/100521.png
offline/100523.mg,canonical_from_jar_png/offline/100523.png
offline/100524.mg,canonical_from_jar_png/offline/100524.png
offline/100525.mg,canonical_from_jar_png/offline/100525.png
offline/100531.mg,canonical_from_jar_png/offline/100531.png
offline/100533.mg,canonical_from_jar_png/offline/100533.png
offline/100534.mg,canonical_from_jar_png/offline/100534.png
offline/100535.mg,canonical_from_jar_png/offline/100535.png
offline/100541.mg,canonical_from_jar_png/offline/100541.png
offline/100543.mg,canonical_from_jar_png/offline/100543.png
offline/100544.mg,canonical_from_jar_png/offline/100544.png
offline/100545.mg,canonical_from_jar_png/offline/100545.png
offline/100551.mg,canonical_from_jar_png/offline/100551.png
offline/100553.mg,canonical_from_jar_png/offline/100553.png
offline/100554.mg,canonical_from_jar_png/offline/100554.png
offline/100555.mg,canonical_from_jar_png/offline/100555.png
offline/100561.mg,canonical_from_jar_png/offline/100561.png
offline/100563.mg,canonical_from_jar_png/offline/100563.png
offline/100564.mg,canonical_from_jar_png/offline/100564.png
offline/100565.mg,canonical_from_jar_png/offline/100565.png
offline/100571.mg,canonical_from_jar_png/offline/100571.png
offline/100573.mg,canonical_from_jar_png/offline/100573.png
offline/100574.mg,canonical_from_jar_png/offline/100574.png
offline/100575.mg,canonical_from_jar_png/offline/100575.png
offline/100581.mg,canonical_from_jar_png/offline/100581.png
offline/100583.mg,canonical_from_jar_png/offline/100583.png
offline/100584.mg,canonical_from_jar_png/offline/100584.png
offline/100585.mg,canonical_from_jar_png/offline/100585.png
offline/1006000.mg,canonical_from_jar_png/offline/1006000.png
offline/1006001.mg,canonical_from_jar_png/offline/1006001.png
offline/1006002.mg,canonical_from_jar_png/offline/1006002.png
offline/100601.mg,canonical_from_jar_png/offline/100601.png
offline/100603.mg,canonical_from_jar_png/offline/100603.png
offline/100604.mg,canonical_from_jar_png/offline/100604.png
offline/100605.mg,canonical_from_jar_png/offline/100605.png
offline/100611.mg,canonical_from_jar_png/offline/100611.png
offline/100613.mg,canonical_from_jar_png/offline/100613.png
offline/100615.mg,canonical_from_jar_png/offline/100615.png
offline/100616.mg,canonical_from_jar_png/offline/100616.png
offline/100621.mg,canonical_from_jar_png/offline/100621.png
offline/100623.mg,canonical_from_jar_png/offline/100623.png
offline/100624.mg,canonical_from_jar_png/offline/100624.png
offline/100625.mg,canonical_from_jar_png/offline/100625.png
offline/100631.mg,canonical_from_jar_png/offline/100631.png
offline/100633.mg,canonical_from_jar_png/offline/100633.png
offline/100634.mg,canonical_from_jar_png/offline/100634.png
offline/100635.mg,canonical_from_jar_png/offline/100635.png
offline/100641.mg,canonical_from_jar_png/offline/100641.png
offline/100643.mg,canonical_from_jar_png/offline/100643.png
offline/100644.mg,canonical_from_jar_png/offline/100644.png
offline/100645.mg,canonical_from_jar_png/offline/100645.png
offline/100651.mg,canonical_from_jar_png/offline/100651.png
offline/100653.mg,canonical_from_jar_png/offline/100653.png
offline/100654.mg,canonical_from_jar_png/offline/100654.png
offline/100655.mg,canonical_from_jar_png/offline/100655.png
offline/100661.mg,canonical_from_jar_png/offline/100661.png
offline/100663.mg,canonical_from_jar_png/offline/100663.png
offline/100664.mg,canonical_from_jar_png/offline/100664.png
offline/100665.mg,canonical_from_jar_png/offline/100665.png
offline/100671.mg,canonical_from_jar_png/offline/100671.png
offline/100673.mg,canonical_from_jar_png/offline/100673.png
offline/100674.mg,canonical_from_jar_png/offline/100674.png
offline/100675.mg,canonical_from_jar_png/offline/100675.png
offline/100681.mg,canonical_from_jar_png/offline/100681.png
offline/100683.mg,canonical_from_jar_png/offline/100683.png
offline/100684.mg,canonical_from_jar_png/offline/100684.png
offline/100685.mg,canonical_from_jar_png/offline/100685.png
offline/100691.mg,canonical_from_jar_png/offline/100691.png
offline/100693.mg,canonical_from_jar_png/offline/100693.png
offline/100694.mg,canonical_from_jar_png/offline/100694.png
offline/100695.mg,canonical_from_jar_png/offline/100695.png
offline/1007000.mg,canonical_from_jar_png/offline/1007000.png
offline/1007001.mg,canonical_from_jar_png/offline/1007001.png
offline/100701.mg,canonical_from_jar_png/offline/100701.png
offline/100703.mg,canonical_from_jar_png/offline/100703.png
offline/100704.mg,canonical_from_jar_png/offline/100704.png
offline/100705.mg,canonical_from_jar_png/offline/100705.png
offline/100711.mg,canonical_from_jar_png/offline/100711.png
offline/100713.mg,canonical_from_jar_png/offline/100713.png
offline/100714.mg,canonical_from_jar_png/offline/100714.png
offline/100715.mg,canonical_from_jar_png/offline/100715.png
offline/100721.mg,canonical_from_jar_png/offline/100721.png
offline/100723.mg,canonical_from_jar_png/offline/100723.png
offline/100724.mg,canonical_from_jar_png/offline/100724.png
offline/100725.mg,canonical_from_jar_png/offline/100725.png
offline/100731.mg,canonical_from_jar_png/offline/100731.png
offline/100733.mg,canonical_from_jar_png/offline/100733.png
offline/100734.mg,canonical_from_jar_png/offline/100734.png
offline/100735.mg,canonical_from_jar_png/offline/100735.png
offline/100741.mg,canonical_from_jar_png/offline/100741.png
offline/100743.mg,canonical_from_jar_png/offline/100743.png
offline/100744.mg,canonical_from_jar_png/offline/100744.png
offline/100745.mg,canonical_from_jar_png/offline/100745.png
offline/100751.mg,canonical_from_jar_png/offline/100751.png
offline/100753.mg,canonical_from_jar_png/offline/100753.png
offline/100754.mg,canonical_from_jar_png/offline/100754.png
offline/100755.mg,canonical_from_jar_png/offline/100755.png
offline/100761.mg,canonical_from_jar_png/offline/100761.png
offline/100763.mg,canonical_from_jar_png/offline/100763.png
offline/100764.mg,canonical_from_jar_png/offline/100764.png
offline/100765.mg,canonical_from_jar_png/offline/100765.png
offline/100771.mg,canonical_from_jar_png/offline/100771.png
offline/100773.mg,canonical_from_jar_png/offline/100773.png
offline/100774.mg,canonical_from_jar_png/offline/100774.png
offline/100775.mg,canonical_from_jar_png/offline/100775.png
offline/100781.mg,canonical_from_jar_png/offline/100781.png
offline/100783.mg,canonical_from_jar_png/offline/100783.png
offline/100784.mg,canonical_from_jar_png/offline/100784.png
offline/100785.mg,canonical_from_jar_png/offline/100785.png
offline/1008000.mg,canonical_from_jar_png/offline/1008000.png
offline/1008001.mg,canonical_from_jar_png/offline/1008001.png
offline/101001.mg,canonical_from_jar_png/offline/101001.png
offline/101003.mg,canonical_from_jar_png/offline/101003.png
offline/101005.mg,canonical_from_jar_png/offline/101005.png
offline/101011.mg,canonical_from_jar_png/offline/101011.png
offline/101013.mg,canonical_from_jar_png/offline/101013.png
offline/101014.mg,canonical_from_jar_png/offline/101014.png
offline/101015.mg,canonical_from_jar_png/offline/101015.png
offline/101021.mg,canonical_from_jar_png/offline/101021.png
offline/101023.mg,canonical_from_jar_png/offline/101023.png
offline/101025.mg,canonical_from_jar_png/offline/101025.png
offline/101026.mg,canonical_from_jar_png/offline/101026.png
offline/101031.mg,canonical_from_jar_png/offline/101031.png
offline/101033.mg,canonical_from_jar_png/offline/101033.png
offline/101035.mg,canonical_from_jar_png/offline/101035.png
offline/101036.mg,canonical_from_jar_png/offline/101036.png
offline/101041.mg,canonical_from_jar_png/offline/101041.png
offline/101043.mg,canonical_from_jar_png/offline/101043.png
offline/101045.mg,canonical_from_jar_png/offline/101045.png
offline/101046.mg,canonical_from_jar_png/offline/101046.png
offline/110000.mg,canonical_from_jar_png/offline/110000.png
offline/110010.mg,canonical_from_jar_png/offline/110010.png
offline/110020.mg,canonical_from_jar_png/offline/110020.png
offline/110030.mg,canonical_from_jar_png/offline/110030.png
offline/110040.mg,canonical_from_jar_png/offline/110040.png
offline/110050.mg,canonical_from_jar_png/offline/110050.png
offline/110060.mg,canonical_from_jar_png/offline/110060.png
offline/110070.mg,canonical_from_jar_png/offline/110070.png
offline/110080.mg,canonical_from_jar_png/offline/110080.png
offline/110090.mg,canonical_from_jar_png/offline/110090.png
offline/110100.mg,canonical_from_jar_png/offline/110100.png
offline/110110.mg,canonical_from_jar_png/offline/110110.png
offline/110120.mg,canonical_from_jar_png/offline/110120.png
offline/110130.mg,canonical_from_jar_png/offline/110130.png
offline/110140.mg,canonical_from_jar_png/offline/110140.png
offline/110150.mg,canonical_from_jar_png/offline/110150.png
offline/110160.mg,canonical_from_jar_png/offline/110160.png
offline/120198.mg,canonical_from_jar_png/offline/120198.png
offline/120298.mg,canonical_from_jar_png/offline/120298.png
offline/120398.mg,canonical_from_jar_png/offline/120398.png
offline/120498.mg,canonical_from_jar_png/offline/120498.png
offline/120598.mg,canonical_from_jar_png/offline/120598.png
offline/120698.mg,canonical_from_jar_png/offline/120698.png
offline/120798.mg,canonical_from_jar_png/offline/120798.png
offline/120898.mg,canonical_from_jar_png/offline/120898.png
offline/120998.mg,canonical_from_jar_png/offline/120998.png
offline/121098.mg,canonical_from_jar_png/offline/121098.png
offline/121198.mg,canonical_from_jar_png/offline/121198.png
offline/121298.mg,canonical_from_jar_png/offline/121298.png
offline/121398.mg,canonical_from_jar_png/offline/121398.png
offline/121498.mg,canonical_from_jar_png/offline/121498.png
offline/121598.mg,canonical_from_jar_png/offline/121598.png
offline/121698.mg,canonical_from_jar_png/offline/121698.png
offline/121798.mg,canonical_from_jar_png/offline/121798.png
offline/121898.mg,canonical_from_jar_png/offline/121898.png
offline/121998.mg,canonical_from_jar_png/offline/121998.png
offline/122098.mg,canonical_from_jar_png/offline/122098.png
offline/122198.mg,canonical_from_jar_png/offline/122198.png
offline/122298.mg,canonical_from_jar_png/offline/122298.png
offline/122398.mg,canonical_from_jar_png/offline/122398.png
offline/122498.mg,canonical_from_jar_png/offline/122498.png
offline/122598.mg,canonical_from_jar_png/offline/122598.png
offline/128098.mg,canonical_from_jar_png/offline/128098.png
offline/128198.mg,canonical_from_jar_png/offline/128198.png
offline/128298.mg,canonical_from_jar_png/offline/128298.png
offline/128398.mg,canonical_from_jar_png/offline/128398.png
offline/130000.mg,canonical_from_jar_png/offline/130000.png
offline/130098.mg,canonical_from_jar_png/offline/130098.png
offline/130100.mg,canonical_from_jar_png/offline/130100.png
offline/130198.mg,canonical_from_jar_png/offline/130198.png
offline/140098.mg,canonical_from_jar_png/offline/140098.png
offline/200000.mg,canonical_from_jar_png/offline/200000.png
offline/2000000.mg,canonical_from_jar_png/offline/2000000.png
offline/2000001.mg,canonical_from_jar_png/offline/2000001.png
offline/2000002.mg,canonical_from_jar_png/offline/2000002.png
offline/2000003.mg,canonical_from_jar_png/offline/2000003.png
offline/2001000.mg,canonical_from_jar_png/offline/2001000.png
offline/2002000.mg,canonical_from_jar_png/offline/2002000.png
offline/2003000.mg,canonical_from_jar_png/offline/2003000.png
offline/2003001.mg,canonical_from_jar_png/offline/2003001.png
offline/2003002.mg,canonical_from_jar_png/offline/2003002.png
offline/2004000.mg,canonical_from_jar_png/offline/2004000.png
offline/2004001.mg,canonical_from_jar_png/offline/2004001.png
offline/2005000.mg,canonical_from_jar_png/offline/2005000.png
offline/2005001.mg,canonical_from_jar_png/offline/2005001.png
offline/2005002.mg,canonical_from_jar_png/offline/2005002.png
offline/2006000.mg,canonical_from_jar_png/offline/2006000.png
offline/2006001.mg,canonical_from_jar_png/offline/2006001.png
offline/2007000.mg,canonical_from_jar_png/offline/2007000.png
offline/2007001.mg,canonical_from_jar_png/offline/2007001.png
offline/2008000.mg,canonical_from_jar_png/offline/2008000.png
offline/2008001.mg,canonical_from_jar_png/offline/2008001.png
offline/30098.mg,canonical_from_jar_png/offline/30098.png
offline/30099.mg,canonical_from_jar_png/offline/30099.png
offline/4000000.mg,canonical_from_jar_png/offline/4000000.png
offline/4000001.mg,canonical_from_jar_png/offline/4000001.png
offline/4000002.mg,canonical_from_jar_png/offline/4000002.png
offline/4001000.mg,canonical_from_jar_png/offline/4001000.png
offline/4001001.mg,canonical_from_jar_png/offline/4001001.png
offline/4002000.mg,canonical_from_jar_png/offline/4002000.png
offline/4002001.mg,canonical_from_jar_png/offline/4002001.png
offline/4003000.mg,canonical_from_jar_png/offline/4003000.png
offline/4003001.mg,canonical_from_jar_png/offline/4003001.png
offline/4004000.mg,canonical_from_jar_png/offline/4004000.png
offline/4004001.mg,canonical_from_jar_png/offline/4004001.png
offline/4004002.mg,canonical_from_jar_png/offline/4004002.png
offline/4005000.mg,canonical_from_jar_png/offline/4005000.png
offline/4005001.mg,canonical_from_jar_png/offline/4005001.png
offline/4006000.mg,canonical_from_jar_png/offline/4006000.png
offline/4006001.mg,canonical_from_jar_png/offline/4006001.png
offline/4006002.mg,canonical_from_jar_png/offline/4006002.png
offline/4007000.mg,canonical_from_jar_png/offline/4007000.png
offline/4007001.mg,canonical_from_jar_png/offline/4007001.png
offline/4008000.mg,canonical_from_jar_png/offline/4008000.png
offline/50000.mg,canonical_from_jar_png/offline/50000.png
offline/50001.mg,canonical_from_jar_png/offline/50001.png
offline/50002.mg,canonical_from_jar_png/offline/50002.png
offline/50003.mg,canonical_from_jar_png/offline/50003.png
offline/50004.mg,canonical_from_jar_png/offline/50004.png
offline/50005.mg,canonical_from_jar_png/offline/50005.png
offline/50006.mg,canonical_from_jar_png/offline/50006.png
offline/50007.mg,canonical_from_jar_png/offline/50007.png
offline/50008.mg,canonical_from_jar_png/offline/50008.png
offline/50009.mg,canonical_from_jar_png/offline/50009.png
offline/50100.mg,canonical_from_jar_png/offline/50100.png
offline/50101.mg,canonical_from_jar_png/offline/50101.png
offline/50102.mg,canonical_from_jar_png/offline/50102.png
offline/50103.mg,canonical_from_jar_png/offline/50103.png
offline/50104.mg,canonical_from_jar_png/offline/50104.png
offline/50105.mg,canonical_from_jar_png/offline/50105.png
offline/50106.mg,canonical_from_jar_png/offline/50106.png
offline/50107.mg,canonical_from_jar_png/offline/50107.png
offline/50108.mg,canonical_from_jar_png/offline/50108.png
offline/50109.mg,canonical_from_jar_png/offline/50109.png
offline/50200.mg,canonical_from_jar_png/offline/50200.png
offline/50201.mg,canonical_from_jar_png/offline/50201.png
offline/50202.mg,canonical_from_jar_png/offline/50202.png
offline/50203.mg,canonical_from_jar_png/offline/50203.png
offline/50204.mg,canonical_from_jar_png/offline/50204.png
offline/50205.mg,canonical_from_jar_png/offline/50205.png
offline/50206.mg,canonical_from_jar_png/offline/50206.png
offline/50207.mg,canonical_from_jar_png/offline/50207.png
offline/50208.mg,canonical_from_jar_png/offline/50208.png
offline/50209.mg,canonical_from_jar_png/offline/50209.png
offline/50300.mg,canonical_from_jar_png/offline/50300.png
offline/50301.mg,canonical_from_jar_png/offline/50301.png
offline/50302.mg,canonical_from_jar_png/offline/50302.png
offline/50303.mg,canonical_from_jar_png/offline/50303.png
offline/50304.mg,canonical_from_jar_png/offline/50304.png
offline/50305.mg,canonical_from_jar_png/offline/50305.png
offline/50306.mg,canonical_from_jar_png/offline/50306.png
offline/50307.mg,canonical_from_jar_png/offline/50307.png
offline/50308.mg,canonical_from_jar_png/offline/50308.png
offline/50309.mg,canonical_from_jar_png/offline/50309.png
offline/50400.mg,canonical_from_jar_png/offline/50400.png
offline/50401.mg,canonical_from_jar_png/offline/50401.png
offline/50402.mg,canonical_from_jar_png/offline/50402.png
offline/50403.mg,canonical_from_jar_png/offline/50403.png
offline/50404.mg,canonical_from_jar_png/offline/50404.png
offline/50405.mg,canonical_from_jar_png/offline/50405.png
offline/50406.mg,canonical_from_jar_png/offline/50406.png
offline/50407.mg,canonical_from_jar_png/offline/50407.png
offline/50408.mg,canonical_from_jar_png/offline/50408.png
offline/50409.mg,canonical_from_jar_png/offline/50409.png
offline/50500.mg,canonical_from_jar_png/offline/50500.png
offline/50501.mg,canonical_from_jar_png/offline/50501.png
offline/50502.mg,canonical_from_jar_png/offline/50502.png
offline/50503.mg,canonical_from_jar_png/offline/50503.png
offline/50504.mg,canonical_from_jar_png/offline/50504.png
offline/50505.mg,canonical_from_jar_png/offline/50505.png
offline/50506.mg,canonical_from_jar_png/offline/50506.png
offline/50507.mg,canonical_from_jar_png/offline/50507.png
offline/50508.mg,canonical_from_jar_png/offline/50508.png
offline/50509.mg,canonical_from_jar_png/offline/50509.png
offline/60000.mg,canonical_from_jar_png/offline/60000.png
offline/60001.mg,canonical_from_jar_png/offline/60001.png
offline/60002.mg,canonical_from_jar_png/offline/60002.png
offline/60003.mg,canonical_from_jar_png/offline/60003.png
offline/60004.mg,canonical_from_jar_png/offline/60004.png
offline/60005.mg,canonical_from_jar_png/offline/60005.png
offline/60006.mg,canonical_from_jar_png/offline/60006.png
offline/60007.mg,canonical_from_jar_png/offline/60007.png
offline/60008.mg,canonical_from_jar_png/offline/60008.png
offline/60009.mg,canonical_from_jar_png/offline/60009.png
offline/60100.mg,canonical_from_jar_png/offline/60100.png
offline/60101.mg,canonical_from_jar_png/offline/60101.png
offline/60102.mg,canonical_from_jar_png/offline/60102.png
offline/60103.mg,canonical_from_jar_png/offline/60103.png
offline/60104.mg,canonical_from_jar_png/offline/60104.png
offline/60105.mg,canonical_from_jar_png/offline/60105.png
offline/60106.mg,canonical_from_jar_png/offline/60106.png
offline/60107.mg,canonical_from_jar_png/offline/60107.png
offline/60108.mg,canonical_from_jar_png/offline/60108.png
offline/60109.mg,canonical_from_jar_png/offline/60109.png
offline/60200.mg,canonical_from_jar_png/offline/60200.png
offline/60201.mg,canonical_from_jar_png/offline/60201.png
offline/60202.mg,canonical_from_jar_png/offline/60202.png
offline/60203.mg,canonical_from_jar_png/offline/60203.png
offline/60204.mg,canonical_from_jar_png/offline/60204.png
offline/60205.mg,canonical_from_jar_png/offline/60205.png
offline/60206.mg,canonical_from_jar_png/offline/60206.png
offline/60207.mg,canonical_from_jar_png/offline/60207.png
offline/60208.mg,canonical_from_jar_png/offline/60208.png
offline/60209.mg,canonical_from_jar_png/offline/60209.png
offline/60300.mg,canonical_from_jar_png/offline/60300.png
offline/60301.mg,canonical_from_jar_png/offline/60301.png
offline/60302.mg,canonical_from_jar_png/offline/60302.png
offline/60303.mg,canonical_from_jar_png/offline/60303.png
offline/60304.mg,canonical_from_jar_png/offline/60304.png
offline/60305.mg,canonical_from_jar_png/offline/60305.png
offline/60306.mg,canonical_from_jar_png/offline/60306.png
offline/60307.mg,canonical_from_jar_png/offline/60307.png
offline/60308.mg,canonical_from_jar_png/offline/60308.png
offline/60309.mg,canonical_from_jar_png/offline/60309.png
offline/60400.mg,canonical_from_jar_png/offline/60400.png
offline/60401.mg,canonical_from_jar_png/offline/60401.png
offline/60402.mg,canonical_from_jar_png/offline/60402.png
offline/60403.mg,canonical_from_jar_png/offline/60403.png
offline/60404.mg,canonical_from_jar_png/offline/60404.png
offline/60405.mg,canonical_from_jar_png/offline/60405.png
offline/60406.mg,canonical_from_jar_png/offline/60406.png
offline/60407.mg,canonical_from_jar_png/offline/60407.png
offline/60408.mg,canonical_from_jar_png/offline/60408.png
offline/60409.mg,canonical_from_jar_png/offline/60409.png
offline/60500.mg,canonical_from_jar_png/offline/60500.png
offline/60501.mg,canonical_from_jar_png/offline/60501.png
offline/60502.mg,canonical_from_jar_png/offline/60502.png
offline/60503.mg,canonical_from_jar_png/offline/60503.png
offline/60504.mg,canonical_from_jar_png/offline/60504.png
offline/60505.mg,canonical_from_jar_png/offline/60505.png
offline/60506.mg,canonical_from_jar_png/offline/60506.png
offline/60507.mg,canonical_from_jar_png/offline/60507.png
offline/60508.mg,canonical_from_jar_png/offline/60508.png
offline/60509.mg,canonical_from_jar_png/offline/60509.png
offline/60600.mg,canonical_from_jar_png/offline/60600.png
offline/60601.mg,canonical_from_jar_png/offline/60601.png
offline/60602.mg,canonical_from_jar_png/offline/60602.png
offline/60603.mg,canonical_from_jar_png/offline/60603.png
offline/60604.mg,canonical_from_jar_png/offline/60604.png
offline/60605.mg,canonical_from_jar_png/offline/60605.png
offline/60606.mg,canonical_from_jar_png/offline/60606.png
offline/60607.mg,canonical_from_jar_png/offline/60607.png
offline/60608.mg,canonical_from_jar_png/offline/60608.png
offline/60609.mg,canonical_from_jar_png/offline/60609.png
offline/60700.mg,canonical_from_jar_png/offline/60700.png
offline/60701.mg,canonical_from_jar_png/offline/60701.png
offline/60702.mg,canonical_from_jar_png/offline/60702.png
offline/60703.mg,canonical_from_jar_png/offline/60703.png
offline/60704.mg,canonical_from_jar_png/offline/60704.png
offline/60705.mg,canonical_from_jar_png/offline/60705.png
offline/60706.mg,canonical_from_jar_png/offline/60706.png
offline/60707.mg,canonical_from_jar_png/offline/60707.png
offline/60708.mg,canonical_from_jar_png/offline/60708.png
offline/60709.mg,canonical_from_jar_png/offline/60709.png
offline/60800.mg,canonical_from_jar_png/offline/60800.png
offline/60801.mg,canonical_from_jar_png/offline/60801.png
offline/60802.mg,canonical_from_jar_png/offline/60802.png
offline/60803.mg,canonical_from_jar_png/offline/60803.png
offline/60804.mg,canonical_from_jar_png/offline/60804.png
offline/60805.mg,canonical_from_jar_png/offline/60805.png
offline/60806.mg,canonical_from_jar_png/offline/60806.png
offline/60807.mg,canonical_from_jar_png/offline/60807.png
offline/60808.mg,canonical_from_jar_png/offline/60808.png
offline/60809.mg,canonical_from_jar_png/offline/60809.png
offline/60900.mg,canonical_from_jar_png/offline/60900.png
offline/60901.mg,canonical_from_jar_png/offline/60901.png
offline/60902.mg,canonical_from_jar_png/offline/60902.png
offline/60903.mg,canonical_from_jar_png/offline/60903.png
offline/60904.mg,canonical_from_jar_png/offline/60904.png
offline/60905.mg,canonical_from_jar_png/offline/60905.png
offline/60906.mg,canonical_from_jar_png/offline/60906.png
offline/60907.mg,canonical_from_jar_png/offline/60907.png
offline/60908.mg,canonical_from_jar_png/offline/60908.png
offline/60909.mg,canonical_from_jar_png/offline/60909.png
offline/70100.mg,canonical_from_jar_png/offline/70100.png
offline/70101.mg,canonical_from_jar_png/offline/70101.png
offline/70102.mg,canonical_from_jar_png/offline/70102.png
offline/70103.mg,canonical_from_jar_png/offline/70103.png
offline/70104.mg,canonical_from_jar_png/offline/70104.png
offline/70105.mg,canonical_from_jar_png/offline/70105.png
offline/70106.mg,canonical_from_jar_png/offline/70106.png
offline/70107.mg,canonical_from_jar_png/offline/70107.png
offline/70108.mg,canonical_from_jar_png/offline/70108.png
offline/70109.mg,canonical_from_jar_png/offline/70109.png
offline/70198.mg,canonical_from_jar_png/offline/70198.png
offline/70300.mg,canonical_from_jar_png/offline/70300.png
offline/70301.mg,canonical_from_jar_png/offline/70301.png
offline/70302.mg,canonical_from_jar_png/offline/70302.png
offline/70303.mg,canonical_from_jar_png/offline/70303.png
offline/70304.mg,canonical_from_jar_png/offline/70304.png
offline/70305.mg,canonical_from_jar_png/offline/70305.png
offline/70306.mg,canonical_from_jar_png/offline/70306.png
offline/70307.mg,canonical_from_jar_png/offline/70307.png
offline/70308.mg,canonical_from_jar_png/offline/70308.png
offline/70309.mg,canonical_from_jar_png/offline/70309.png
offline/70398.mg,canonical_from_jar_png/offline/70398.png
offline/70700.mg,canonical_from_jar_png/offline/70700.png
offline/70701.mg,canonical_from_jar_png/offline/70701.png
offline/70702.mg,canonical_from_jar_png/offline/70702.png
offline/70703.mg,canonical_from_jar_png/offline/70703.png
offline/70704.mg,canonical_from_jar_png/offline/70704.png
offline/70705.mg,canonical_from_jar_png/offline/70705.png
offline/70706.mg,canonical_from_jar_png/offline/70706.png
offline/70707.mg,canonical_from_jar_png/offline/70707.png
offline/70708.mg,canonical_from_jar_png/offline/70708.png
offline/70709.mg,canonical_from_jar_png/offline/70709.png
offline/70798.mg,canonical_from_jar_png/offline/70798.png
offline/71200.mg,canonical_from_jar_png/offline/71200.png
offline/71201.mg,canonical_from_jar_png/offline/71201.png
offline/71202.mg,canonical_from_jar_png/offline/71202.png
offline/71203.mg,canonical_from_jar_png/offline/71203.png
offline/71204.mg,canonical_from_jar_png/offline/71204.png
offline/71205.mg,canonical_from_jar_png/offline/71205.png
offline/71206.mg,canonical_from_jar_png/offline/71206.png
offline/71207.mg,canonical_from_jar_png/offline/71207.png
offline/71208.mg,canonical_from_jar_png/offline/71208.png
offline/71209.mg,canonical_from_jar_png/offline/71209.png
offline/71298.mg,canonical_from_jar_png/offline/71298.png
offline/71300.mg,canonical_from_jar_png/offline/71300.png
offline/71301.mg,canonical_from_jar_png/offline/71301.png
offline/71302.mg,canonical_from_jar_png/offline/71302.png
offline/71303.mg,canonical_from_jar_png/offline/71303.png
offline/71304.mg,canonical_from_jar_png/offline/71304.png
offline/71305.mg,canonical_from_jar_png/offline/71305.png
offline/71306.mg,canonical_from_jar_png/offline/71306.png
offline/71307.mg,canonical_from_jar_png/offline/71307.png
offline/71308.mg,canonical_from_jar_png/offline/71308.png
offline/71309.mg,canonical_from_jar_png/offline/71309.png
offline/71398.mg,canonical_from_jar_png/offline/71398.png
offline/71400.mg,canonical_from_jar_png/offline/71400.png
offline/71401.mg,canonical_from_jar_png/offline/71401.png
offline/71402.mg,canonical_from_jar_png/offline/71402.png
offline/71403.mg,canonical_from_jar_png/offline/71403.png
offline/71404.mg,canonical_from_jar_png/offline/71404.png
offline/71405.mg,canonical_from_jar_png/offline/71405.png
offline/71406.mg,canonical_from_jar_png/offline/71406.png
offline/71407.mg,canonical_from_jar_png/offline/71407.png
offline/71408.mg,canonical_from_jar_png/offline/71408.png
offline/71409.mg,canonical_from_jar_png/offline/71409.png
offline/71498.mg,canonical_from_jar_png/offline/71498.png
offline/71600.mg,canonical_from_jar_png/offline/71600.png
offline/71601.mg,canonical_from_jar_png/offline/71601.png
offline/71602.mg,canonical_from_jar_png/offline/71602.png
offline/71603.mg,canonical_from_jar_png/offline/71603.png
offline/71604.mg,canonical_from_jar_png/offline/71604.png
offline/71605.mg,canonical_from_jar_png/offline/71605.png
offline/71606.mg,canonical_from_jar_png/offline/71606.png
offline/71607.mg,canonical_from_jar_png/offline/71607.png
offline/71608.mg,canonical_from_jar_png/offline/71608.png
offline/71609.mg,canonical_from_jar_png/offline/71609.png
offline/71698.mg,canonical_from_jar_png/offline/71698.png
offline/71700.mg,canonical_from_jar_png/offline/71700.png
offline/71701.mg,canonical_from_jar_png/offline/71701.png
offline/71702.mg,canonical_from_jar_png/offline/71702.png
offline/71703.mg,canonical_from_jar_png/offline/71703.png
offline/71704.mg,canonical_from_jar_png/offline/71704.png
offline/71705.mg,canonical_from_jar_png/offline/71705.png
offline/71706.mg,canonical_from_jar_png/offline/71706.png
offline/71707.mg,canonical_from_jar_png/offline/71707.png
offline/71708.mg,canonical_from_jar_png/offline/71708.png
offline/71709.mg,canonical_from_jar_png/offline/71709.png
offline/71798.mg,canonical_from_jar_png/offline/71798.png
offline/71800.mg,canonical_from_jar_png/offline/71800.png
offline/71801.mg,canonical_from_jar_png/offline/71801.png
offline/71802.mg,canonical_from_jar_png/offline/71802.png
offline/71803.mg,canonical_from_jar_png/offline/71803.png
offline/71804.mg,canonical_from_jar_png/offline/71804.png
offline/71805.mg,canonical_from_jar_png/offline/71805.png
offline/71806.mg,canonical_from_jar_png/offline/71806.png
offline/71807.mg,canonical_from_jar_png/offline/71807.png
offline/71808.mg,canonical_from_jar_png/offline/71808.png
offline/71809.mg,canonical_from_jar_png/offline/71809.png
offline/71898.mg,canonical_from_jar_png/offline/71898.png
offline/72000.mg,canonical_from_jar_png/offline/72000.png
offline/72001.mg,canonical_from_jar_png/offline/72001.png
offline/72002.mg,canonical_from_jar_png/offline/72002.png
offline/72003.mg,canonical_from_jar_png/offline/72003.png
offline/72004.mg,canonical_from_jar_png/offline/72004.png
offline/72005.mg,canonical_from_jar_png/offline/72005.png
offline/72006.mg,canonical_from_jar_png/offline/72006.png
offline/72007.mg,canonical_from_jar_png/offline/72007.png
offline/72008.mg,canonical_from_jar_png/offline/72008.png
offline/72009.mg,canonical_from_jar_png/offline/72009.png
offline/72098.mg,canonical_from_jar_png/offline/72098.png
offline/72400.mg,canonical_from_jar_png/offline/72400.png
offline/72401.mg,canonical_from_jar_png/offline/72401.png
offline/72402.mg,canonical_from_jar_png/offline/72402.png
offline/72403.mg,canonical_from_jar_png/offline/72403.png
offline/72404.mg,canonical_from_jar_png/offline/72404.png
offline/72405.mg,canonical_from_jar_png/offline/72405.png
offline/72406.mg,canonical_from_jar_png/offline/72406.png
offline/72407.mg,canonical_from_jar_png/offline/72407.png
offline/72408.mg,canonical_from_jar_png/offline/72408.png
offline/72409.mg,canonical_from_jar_png/offline/72409.png
offline/72498.mg,canonical_from_jar_png/offline/72498.png
offline/72500.mg,canonical_from_jar_png/offline/72500.png
offline/72501.mg,canonical_from_jar_png/offline/72501.png
offline/72502.mg,canonical_from_jar_png/offline/72502.png
offline/72503.mg,canonical_from_jar_png/offline/72503.png
offline/72504.mg,canonical_from_jar_png/offline/72504.png
offline/72505.mg,canonical_from_jar_png/offline/72505.png
offline/72506.mg,canonical_from_jar_png/offline/72506.png
offline/72507.mg,canonical_from_jar_png/offline/72507.png
offline/72508.mg,canonical_from_jar_png/offline/72508.png
offline/72509.mg,canonical_from_jar_png/offline/72509.png
offline/72598.mg,canonical_from_jar_png/offline/72598.png
offline/74000.mg,canonical_from_jar_png/offline/74000.png
offline/74001.mg,canonical_from_jar_png/offline/74001.png
offline/74002.mg,canonical_from_jar_png/offline/74002.png
offline/74003.mg,canonical_from_jar_png/offline/74003.png
offline/74004.mg,canonical_from_jar_png/offline/74004.png
offline/74005.mg,canonical_from_jar_png/offline/74005.png
offline/74006.mg,canonical_from_jar_png/offline/74006.png
offline/74007.mg,canonical_from_jar_png/offline/74007.png
offline/74008.mg,canonical_from_jar_png/offline/74008.png
offline/74009.mg,canonical_from_jar_png/offline/74009.png
offline/74098.mg,canonical_from_jar_png/offline/74098.png
offline/74100.mg,canonical_from_jar_png/offline/74100.png
offline/74101.mg,canonical_from_jar_png/offline/74101.png
offline/74102.mg,canonical_from_jar_png/offline/74102.png
offline/74103.mg,canonical_from_jar_png/offline/74103.png
offline/74104.mg,canonical_from_jar_png/offline/74104.png
offline/74105.mg,canonical_from_jar_png/offline/74105.png
offline/74106.mg,canonical_from_jar_png/offline/74106.png
offline/74107.mg,canonical_from_jar_png/offline/74107.png
offline/74108.mg,canonical_from_jar_png/offline/74108.png
offline/74109.mg,canonical_from_jar_png/offline/74109.png
offline/74198.mg,canonical_from_jar_png/offline/74198.png
offline/74200.mg,canonical_from_jar_png/offline/74200.png
offline/74201.mg,canonical_from_jar_png/offline/74201.png
offline/74202.mg,canonical_from_jar_png/offline/74202.png
offline/74203.mg,canonical_from_jar_png/offline/74203.png
offline/74204.mg,canonical_from_jar_png/offline/74204.png
offline/74205.mg,canonical_from_jar_png/offline/74205.png
offline/74206.mg,canonical_from_jar_png/offline/74206.png
offline/74207.mg,canonical_from_jar_png/offline/74207.png
offline/74208.mg,canonical_from_jar_png/offline/74208.png
offline/74209.mg,canonical_from_jar_png/offline/74209.png
offline/74298.mg,canonical_from_jar_png/offline/74298.png
offline/74300.mg,canonical_from_jar_png/offline/74300.png
offline/74301.mg,canonical_from_jar_png/offline/74301.png
offline/74302.mg,canonical_from_jar_png/offline/74302.png
offline/74303.mg,canonical_from_jar_png/offline/74303.png
offline/74304.mg,canonical_from_jar_png/offline/74304.png
offline/74305.mg,canonical_from_jar_png/offline/74305.png
offline/74306.mg,canonical_from_jar_png/offline/74306.png
offline/74307.mg,canonical_from_jar_png/offline/74307.png
offline/74308.mg,canonical_from_jar_png/offline/74308.png
offline/74309.mg,canonical_from_jar_png/offline/74309.png
offline/74398.mg,canonical_from_jar_png/offline/74398.png
offline/75100.mg,canonical_from_jar_png/offline/75100.png
offline/75101.mg,canonical_from_jar_png/offline/75101.png
offline/75102.mg,canonical_from_jar_png/offline/75102.png
offline/75103.mg,canonical_from_jar_png/offline/75103.png
offline/75104.mg,canonical_from_jar_png/offline/75104.png
offline/75105.mg,canonical_from_jar_png/offline/75105.png
offline/75106.mg,canonical_from_jar_png/offline/75106.png
offline/75107.mg,canonical_from_jar_png/offline/75107.png
offline/75108.mg,canonical_from_jar_png/offline/75108.png
offline/75109.mg,canonical_from_jar_png/offline/75109.png
offline/75198.mg,canonical_from_jar_png/offline/75198.png
offline/75300.mg,canonical_from_jar_png/offline/75300.png
offline/75301.mg,canonical_from_jar_png/offline/75301.png
offline/75302.mg,canonical_from_jar_png/offline/75302.png
offline/75303.mg,canonical_from_jar_png/offline/75303.png
offline/75304.mg,canonical_from_jar_png/offline/75304.png
offline/75305.mg,canonical_from_jar_png/offline/75305.png
offline/75306.mg,canonical_from_jar_png/offline/75306.png
offline/75307.mg,canonical_from_jar_png/offline/75307.png
offline/75308.mg,canonical_from_jar_png/offline/75308.png
offline/75309.mg,canonical_from_jar_png/offline/75309.png
offline/75398.mg,canonical_from_jar_png/offline/75398.png
offline/75400.mg,canonical_from_jar_png/offline/75400.png
offline/75401.mg,canonical_from_jar_png/offline/75401.png
offline/75402.mg,canonical_from_jar_png/offline/75402.png
offline/75403.mg,canonical_from_jar_png/offline/75403.png
offline/75404.mg,canonical_from_jar_png/offline/75404.png
offline/75405.mg,canonical_from_jar_png/offline/75405.png
offline/75406.mg,canonical_from_jar_png/offline/75406.png
offline/75407.mg,canonical_from_jar_png/offline/75407.png
offline/75408.mg,canonical_from_jar_png/offline/75408.png
offline/75409.mg,canonical_from_jar_png/offline/75409.png
offline/75498.mg,canonical_from_jar_png/offline/75498.png
offline/75600.mg,canonical_from_jar_png/offline/75600.png
offline/75601.mg,canonical_from_jar_png/offline/75601.png
offline/75602.mg,canonical_from_jar_png/offline/75602.png
offline/75603.mg,canonical_from_jar_png/offline/75603.png
offline/75604.mg,canonical_from_jar_png/offline/75604.png
offline/75605.mg,canonical_from_jar_png/offline/75605.png
offline/75606.mg,canonical_from_jar_png/offline/75606.png
offline/75607.mg,canonical_from_jar_png/offline/75607.png
offline/75608.mg,canonical_from_jar_png/offline/75608.png
offline/75609.mg,canonical_from_jar_png/offline/75609.png
offline/75698.mg,canonical_from_jar_png/offline/75698.png
offline/75800.mg,canonical_from_jar_png/offline/75800.png
offline/75801.mg,canonical_from_jar_png/offline/75801.png
offline/75802.mg,canonical_from_jar_png/offline/75802.png
offline/75803.mg,canonical_from_jar_png/offline/75803.png
offline/75804.mg,canonical_from_jar_png/offline/75804.png
offline/75805.mg,canonical_from_jar_png/offline/75805.png
offline/75806.mg,canonical_from_jar_png/offline/75806.png
offline/75807.mg,canonical_from_jar_png/offline/75807.png
offline/75808.mg,canonical_from_jar_png/offline/75808.png
offline/75809.mg,canonical_from_jar_png/offline/75809.png
offline/75898.mg,canonical_from_jar_png/offline/75898.png
offline/76200.mg,canonical_from_jar_png/offline/76200.png
offline/76201.mg,canonical_from_jar_png/offline/76201.png
offline/76202.mg,canonical_from_jar_png/offline/76202.png
offline/76203.mg,canonical_from_jar_png/offline/76203.png
offline/76204.mg,canonical_from_jar_png/offline/76204.png
offline/76205.mg,canonical_from_jar_png/offline/76205.png
offline/76206.mg,canonical_from_jar_png/offline/76206.png
offline/76207.mg,canonical_from_jar_png/offline/76207.png
offline/76208.mg,canonical_from_jar_png/offline/76208.png
offline/76209.mg,canonical_from_jar_png/offline/76209.png
offline/76298.mg,canonical_from_jar_png/offline/76298.png
offline/76400.mg,canonical_from_jar_png/offline/76400.png
offline/76401.mg,canonical_from_jar_png/offline/76401.png
offline/76402.mg,canonical_from_jar_png/offline/76402.png
offline/76403.mg,canonical_from_jar_png/offline/76403.png
offline/76404.mg,canonical_from_jar_png/offline/76404.png
offline/76405.mg,canonical_from_jar_png/offline/76405.png
offline/76406.mg,canonical_from_jar_png/offline/76406.png
offline/76407.mg,canonical_from_jar_png/offline/76407.png
offline/76408.mg,canonical_from_jar_png/offline/76408.png
offline/76409.mg,canonical_from_jar_png/offline/76409.png
offline/76498.mg,canonical_from_jar_png/offline/76498.png
offline/76500.mg,canonical_from_jar_png/offline/76500.png
offline/76501.mg,canonical_from_jar_png/offline/76501.png
offline/76502.mg,canonical_from_jar_png/offline/76502.png
offline/76503.mg,canonical_from_jar_png/offline/76503.png
offline/76504.mg,canonical_from_jar_png/offline/76504.png
offline/76505.mg,canonical_from_jar_png/offline/76505.png
offline/76506.mg,canonical_from_jar_png/offline/76506.png
offline/76507.mg,canonical_from_jar_png/offline/76507.png
offline/76508.mg,canonical_from_jar_png/offline/76508.png
offline/76509.mg,canonical_from_jar_png/offline/76509.png
offline/76598.mg,canonical_from_jar_png/offline/76598.png
offline/76600.mg,canonical_from_jar_png/offline/76600.png
offline/76601.mg,canonical_from_jar_png/offline/76601.png
offline/76602.mg,canonical_from_jar_png/offline/76602.png
offline/76603.mg,canonical_from_jar_png/offline/76603.png
offline/76604.mg,canonical_from_jar_png/offline/76604.png
offline/76605.mg,canonical_from_jar_png/offline/76605.png
offline/76606.mg,canonical_from_jar_png/offline/76606.png
offline/76607.mg,canonical_from_jar_png/offline/76607.png
offline/76608.mg,canonical_from_jar_png/offline/76608.png
offline/76609.mg,canonical_from_jar_png/offline/76609.png
offline/76698.mg,canonical_from_jar_png/offline/76698.png
offline/76700.mg,canonical_from_jar_png/offline/76700.png
offline/76701.mg,canonical_from_jar_png/offline/76701.png
offline/76702.mg,canonical_from_jar_png/offline/76702.png
offline/76703.mg,canonical_from_jar_png/offline/76703.png
offline/76704.mg,canonical_from_jar_png/offline/76704.png
offline/76705.mg,canonical_from_jar_png/offline/76705.png
offline/76706.mg,canonical_from_jar_png/offline/76706.png
offline/76707.mg,canonical_from_jar_png/offline/76707.png
offline/76708.mg,canonical_from_jar_png/offline/76708.png
offline/76709.mg,canonical_from_jar_png/offline/76709.png
offline/76798.mg,canonical_from_jar_png/offline/76798.png
offline/77100.mg,canonical_from_jar_png/offline/77100.png
offline/77101.mg,canonical_from_jar_png/offline/77101.png
offline/77102.mg,canonical_from_jar_png/offline/77102.png
offline/77103.mg,canonical_from_jar_png/offline/77103.png
offline/77104.mg,canonical_from_jar_png/offline/77104.png
offline/77105.mg,canonical_from_jar_png/offline/77105.png
offline/77106.mg,canonical_from_jar_png/offline/77106.png
offline/77107.mg,canonical_from_jar_png/offline/77107.png
offline/77108.mg,canonical_from_jar_png/offline/77108.png
offline/77109.mg,canonical_from_jar_png/offline/77109.png
offline/77198.mg,canonical_from_jar_png/offline/77198.png
offline/77400.mg,canonical_from_jar_png/offline/77400.png
offline/77401.mg,canonical_from_jar_png/offline/77401.png
offline/77402.mg,canonical_from_jar_png/offline/77402.png
offline/77403.mg,canonical_from_jar_png/offline/77403.png
offline/77404.mg,canonical_from_jar_png/offline/77404.png
offline/77405.mg,canonical_from_jar_png/offline/77405.png
offline/77406.mg,canonical_from_jar_png/offline/77406.png
offline/77407.mg,canonical_from_jar_png/offline/77407.png
offline/77408.mg,canonical_from_jar_png/offline/77408.png
offline/77409.mg,canonical_from_jar_png/offline/77409.png
offline/77498.mg,canonical_from_jar_png/offline/77498.png
offline/77500.mg,canonical_from_jar_png/offline/77500.png
offline/77501.mg,canonical_from_jar_png/offline/77501.png
offline/77502.mg,canonical_from_jar_png/offline/77502.png
offline/77503.mg,canonical_from_jar_png/offline/77503.png
offline/77504.mg,canonical_from_jar_png/offline/77504.png
offline/77505.mg,canonical_from_jar_png/offline/77505.png
offline/77506.mg,canonical_from_jar_png/offline/77506.png
offline/77507.mg,canonical_from_jar_png/offline/77507.png
offline/77508.mg,canonical_from_jar_png/offline/77508.png
offline/77509.mg,canonical_from_jar_png/offline/77509.png
offline/77598.mg,canonical_from_jar_png/offline/77598.png
offline/78000.mg,canonical_from_jar_png/offline/78000.png
offline/78001.mg,canonical_from_jar_png/offline/78001.png
offline/78002.mg,canonical_from_jar_png/offline/78002.png
offline/78003.mg,canonical_from_jar_png/offline/78003.png
offline/78004.mg,canonical_from_jar_png/offline/78004.png
offline/78005.mg,canonical_from_jar_png/offline/78005.png
offline/78006.mg,canonical_from_jar_png/offline/78006.png
offline/78007.mg,canonical_from_jar_png/offline/78007.png
offline/78008.mg,canonical_from_jar_png/offline/78008.png
offline/78009.mg,canonical_from_jar_png/offline/78009.png
offline/78098.mg,canonical_from_jar_png/offline/78098.png
offline/78100.mg,canonical_from_jar_png/offline/78100.png
offline/78101.mg,canonical_from_jar_png/offline/78101.png
offline/78102.mg,canonical_from_jar_png/offline/78102.png
offline/78103.mg,canonical_from_jar_png/offline/78103.png
offline/78104.mg,canonical_from_jar_png/offline/78104.png
offline/78105.mg,canonical_from_jar_png/offline/78105.png
offline/78106.mg,canonical_from_jar_png/offline/78106.png
offline/78107.mg,canonical_from_jar_png/offline/78107.png
offline/78108.mg,canonical_from_jar_png/offline/78108.png
offline/78109.mg,canonical_from_jar_png/offline/78109.png
offline/78198.mg,canonical_from_jar_png/offline/78198.png
offline/78200.mg,canonical_from_jar_png/offline/78200.png
offline/78201.mg,canonical_from_jar_png/offline/78201.png
offline/78202.mg,canonical_from_jar_png/offline/78202.png
offline/78203.mg,canonical_from_jar_png/offline/78203.png
offline/78204.mg,canonical_from_jar_png/offline/78204.png
offline/78205.mg,canonical_from_jar_png/offline/78205.png
offline/78206.mg,canonical_from_jar_png/offline/78206.png
offline/78207.mg,canonical_from_jar_png/offline/78207.png
offline/78208.mg,canonical_from_jar_png/offline/78208.png
offline/78209.mg,canonical_from_jar_png/offline/78209.png
offline/78298.mg,canonical_from_jar_png/offline/78298.png
offline/78300.mg,canonical_from_jar_png/offline/78300.png
offline/78301.mg,canonical_from_jar_png/offline/78301.png
offline/78302.mg,canonical_from_jar_png/offline/78302.png
offline/78303.mg,canonical_from_jar_png/offline/78303.png
offline/78304.mg,canonical_from_jar_png/offline/78304.png
offline/78305.mg,canonical_from_jar_png/offline/78305.png
offline/78306.mg,canonical_from_jar_png/offline/78306.png
offline/78307.mg,canonical_from_jar_png/offline/78307.png
offline/78308.mg,canonical_from_jar_png/offline/78308.png
offline/78309.mg,canonical_from_jar_png/offline/78309.png
offline/78398.mg,canonical_from_jar_png/offline/78398.png
offline/79800.mg,canonical_from_jar_png/offline/79800.png
offline/79801.mg,canonical_from_jar_png/offline/79801.png
offline/79802.mg,canonical_from_jar_png/offline/79802.png
offline/79803.mg,canonical_from_jar_png/offline/79803.png
offline/79804.mg,canonical_from_jar_png/offline/79804.png
offline/79805.mg,canonical_from_jar_png/offline/79805.png
offline/79806.mg,canonical_from_jar_png/offline/79806.png
offline/79807.mg,canonical_from_jar_png/offline/79807.png
offline/79808.mg,canonical_from_jar_png/offline/79808.png
offline/79809.mg,canonical_from_jar_png/offline/79809.png
offline/79898.mg,canonical_from_jar_png/offline/79898.png
offline/79900.mg,canonical_from_jar_png/offline/79900.png
offline/79901.mg,canonical_from_jar_png/offline/79901.png
offline/79902.mg,canonical_from_jar_png/offline/79902.png
offline/79903.mg,canonical_from_jar_png/offline/79903.png
offline/79904.mg,canonical_from_jar_png/offline/79904.png
offline/79905.mg,canonical_from_jar_png/offline/79905.png
offline/79906.mg,canonical_from_jar_png/offline/79906.png
offline/79907.mg,canonical_from_jar_png/offline/79907.png
offline/79908.mg,canonical_from_jar_png/offline/79908.png
offline/79909.mg,canonical_from_jar_png/offline/79909.png
offline/79998.mg,canonical_from_jar_png/offline/79998.png
offline/80000.mg,canonical_from_jar_png/offline/80000.png
offline/80001.mg,canonical_from_jar_png/offline/80001.png
offline/80002.mg,canonical_from_jar_png/offline/80002.png
offline/80003.mg,canonical_from_jar_png/offline/80003.png
offline/80004.mg,canonical_from_jar_png/offline/80004.png
offline/80005.mg,canonical_from_jar_png/offline/80005.png
offline/80006.mg,canonical_from_jar_png/offline/80006.png
offline/80007.mg,canonical_from_jar_png/offline/80007.png
offline/80008.mg,canonical_from_jar_png/offline/80008.png
offline/80009.mg,canonical_from_jar_png/offline/80009.png
offline/80098.mg,canonical_from_jar_png/offline/80098.png
offline/80200.mg,canonical_from_jar_png/offline/80200.png
offline/80201.mg,canonical_from_jar_png/offline/80201.png
offline/80202.mg,canonical_from_jar_png/offline/80202.png
offline/80203.mg,canonical_from_jar_png/offline/80203.png
offline/80204.mg,canonical_from_jar_png/offline/80204.png
offline/80205.mg,canonical_from_jar_png/offline/80205.png
offline/80206.mg,canonical_from_jar_png/offline/80206.png
offline/80207.mg,canonical_from_jar_png/offline/80207.png
offline/80208.mg,canonical_from_jar_png/offline/80208.png
offline/80209.mg,canonical_from_jar_png/offline/80209.png
offline/80298.mg,canonical_from_jar_png/offline/80298.png
offline/80400.mg,canonical_from_jar_png/offline/80400.png
offline/80401.mg,canonical_from_jar_png/offline/80401.png
offline/80402.mg,canonical_from_jar_png/offline/80402.png
offline/80403.mg,canonical_from_jar_png/offline/80403.png
offline/80404.mg,canonical_from_jar_png/offline/80404.png
offline/80405.mg,canonical_from_jar_png/offline/80405.png
offline/80406.mg,canonical_from_jar_png/offline/80406.png
offline/80407.mg,canonical_from_jar_png/offline/80407.png
offline/80408.mg,canonical_from_jar_png/offline/80408.png
offline/80409.mg,canonical_from_jar_png/offline/80409.png
offline/80498.mg,canonical_from_jar_png/offline/80498.png
offline/80600.mg,canonical_from_jar_png/offline/80600.png
offline/80601.mg,canonical_from_jar_png/offline/80601.png
offline/80602.mg,canonical_from_jar_png/offline/80602.png
offline/80603.mg,canonical_from_jar_png/offline/80603.png
offline/80604.mg,canonical_from_jar_png/offline/80604.png
offline/80605.mg,canonical_from_jar_png/offline/80605.png
offline/80606.mg,canonical_from_jar_png/offline/80606.png
offline/80607.mg,canonical_from_jar_png/offline/80607.png
offline/80608.mg,canonical_from_jar_png/offline/80608.png
offline/80609.mg,canonical_from_jar_png/offline/80609.png
offline/80698.mg,canonical_from_jar_png/offline/80698.png
offline/80700.mg,canonical_from_jar_png/offline/80700.png
offline/80701.mg,canonical_from_jar_png/offline/80701.png
offline/80702.mg,canonical_from_jar_png/offline/80702.png
offline/80703.mg,canonical_from_jar_png/offline/80703.png
offline/80704.mg,canonical_from_jar_png/offline/80704.png
offline/80705.mg,canonical_from_jar_png/offline/80705.png
offline/80706.mg,canonical_from_jar_png/offline/80706.png
offline/80707.mg,canonical_from_jar_png/offline/80707.png
offline/80708.mg,canonical_from_jar_png/offline/80708.png
offline/80709.mg,canonical_from_jar_png/offline/80709.png
offline/80798.mg,canonical_from_jar_png/offline/80798.png
offline/80800.mg,canonical_from_jar_png/offline/80800.png
offline/80801.mg,canonical_from_jar_png/offline/80801.png
offline/80802.mg,canonical_from_jar_png/offline/80802.png
offline/80803.mg,canonical_from_jar_png/offline/80803.png
offline/80804.mg,canonical_from_jar_png/offline/80804.png
offline/80805.mg,canonical_from_jar_png/offline/80805.png
offline/80806.mg,canonical_from_jar_png/offline/80806.png
offline/80807.mg,canonical_from_jar_png/offline/80807.png
offline/80808.mg,canonical_from_jar_png/offline/80808.png
offline/80809.mg,canonical_from_jar_png/offline/80809.png
offline/80898.mg,canonical_from_jar_png/offline/80898.png
offline/81000.mg,canonical_from_jar_png/offline/81000.png
offline/81001.mg,canonical_from_jar_png/offline/81001.png
offline/81002.mg,canonical_from_jar_png/offline/81002.png
offline/81003.mg,canonical_from_jar_png/offline/81003.png
offline/81004.mg,canonical_from_jar_png/offline/81004.png
offline/81005.mg,canonical_from_jar_png/offline/81005.png
offline/81006.mg,canonical_from_jar_png/offline/81006.png
offline/81007.mg,canonical_from_jar_png/offline/81007.png
offline/81008.mg,canonical_from_jar_png/offline/81008.png
offline/81009.mg,canonical_from_jar_png/offline/81009.png
offline/81098.mg,canonical_from_jar_png/offline/81098.png
offline/81100.mg,canonical_from_jar_png/offline/81100.png
offline/81101.mg,canonical_from_jar_png/offline/81101.png
offline/81102.mg,canonical_from_jar_png/offline/81102.png
offline/81103.mg,canonical_from_jar_png/offline/81103.png
offline/81104.mg,canonical_from_jar_png/offline/81104.png
offline/81105.mg,canonical_from_jar_png/offline/81105.png
offline/81106.mg,canonical_from_jar_png/offline/81106.png
offline/81107.mg,canonical_from_jar_png/offline/81107.png
offline/81108.mg,canonical_from_jar_png/offline/81108.png
offline/81109.mg,canonical_from_jar_png/offline/81109.png
offline/81198.mg,canonical_from_jar_png/offline/81198.png
offline/81800.mg,canonical_from_jar_png/offline/81800.png
offline/81801.mg,canonical_from_jar_png/offline/81801.png
offline/81802.mg,canonical_from_jar_png/offline/81802.png
offline/81803.mg,canonical_from_jar_png/offline/81803.png
offline/81804.mg,canonical_from_jar_png/offline/81804.png
offline/81805.mg,canonical_from_jar_png/offline/81805.png
offline/81806.mg,canonical_from_jar_png/offline/81806.png
offline/81807.mg,canonical_from_jar_png/offline/81807.png
offline/81808.mg,canonical_from_jar_png/offline/81808.png
offline/81809.mg,canonical_from_jar_png/offline/81809.png
offline/81898.mg,canonical_from_jar_png/offline/81898.png
offline/81900.mg,canonical_from_jar_png/offline/81900.png
offline/82000.mg,canonical_from_jar_png/offline/82000.png
offline/82001.mg,canonical_from_jar_png/offline/82001.png
offline/82002.mg,canonical_from_jar_png/offline/82002.png
offline/82003.mg,canonical_from_jar_png/offline/82003.png
offline/82004.mg,canonical_from_jar_png/offline/82004.png
offline/82005.mg,canonical_from_jar_png/offline/82005.png
offline/82006.mg,canonical_from_jar_png/offline/82006.png
offline/82007.mg,canonical_from_jar_png/offline/82007.png
offline/82008.mg,canonical_from_jar_png/offline/82008.png
offline/82009.mg,canonical_from_jar_png/offline/82009.png
offline/82098.mg,canonical_from_jar_png/offline/82098.png
offline/82300.mg,canonical_from_jar_png/offline/82300.png
offline/82301.mg,canonical_from_jar_png/offline/82301.png
offline/82302.mg,canonical_from_jar_png/offline/82302.png
offline/82303.mg,canonical_from_jar_png/offline/82303.png
offline/82304.mg,canonical_from_jar_png/offline/82304.png
offline/82305.mg,canonical_from_jar_png/offline/82305.png
offline/82306.mg,canonical_from_jar_png/offline/82306.png
offline/82307.mg,canonical_from_jar_png/offline/82307.png
offline/82308.mg,canonical_from_jar_png/offline/82308.png
offline/82309.mg,canonical_from_jar_png/offline/82309.png
offline/82398.mg,canonical_from_jar_png/offline/82398.png
offline/82600.mg,canonical_from_jar_png/offline/82600.png
offline/82601.mg,canonical_from_jar_png/offline/82601.png
offline/82602.mg,canonical_from_jar_png/offline/82602.png
offline/82603.mg,canonical_from_jar_png/offline/82603.png
offline/82604.mg,canonical_from_jar_png/offline/82604.png
offline/82605.mg,canonical_from_jar_png/offline/82605.png
offline/82606.mg,canonical_from_jar_png/offline/82606.png
offline/82607.mg,canonical_from_jar_png/offline/82607.png
offline/82608.mg,canonical_from_jar_png/offline/82608.png
offline/82609.mg,canonical_from_jar_png/offline/82609.png
offline/82698.mg,canonical_from_jar_png/offline/82698.png
offline/82700.mg,canonical_from_jar_png/offline/82700.png
offline/82701.mg,canonical_from_jar_png/offline/82701.png
offline/82702.mg,canonical_from_jar_png/offline/82702.png
offline/82703.mg,canonical_from_jar_png/offline/82703.png
offline/82704.mg,canonical_from_jar_png/offline/82704.png
offline/82705.mg,canonical_from_jar_png/offline/82705.png
offline/82706.mg,canonical_from_jar_png/offline/82706.png
offline/82707.mg,canonical_from_jar_png/offline/82707.png
offline/82708.mg,canonical_from_jar_png/offline/82708.png
offline/82709.mg,canonical_from_jar_png/offline/82709.png
offline/82798.mg,canonical_from_jar_png/offline/82798.png
offline/82800.mg,canonical_from_jar_png/offline/82800.png
offline/82801.mg,canonical_from_jar_png/offline/82801.png
offline/82802.mg,canonical_from_jar_png/offline/82802.png
offline/82803.mg,canonical_from_jar_png/offline/82803.png
offline/82804.mg,canonical_from_jar_png/offline/82804.png
offline/82805.mg,canonical_from_jar_png/offline/82805.png
offline/82806.mg,canonical_from_jar_png/offline/82806.png
offline/82807.mg,canonical_from_jar_png/offline/82807.png
offline/82808.mg,canonical_from_jar_png/offline/82808.png
offline/82809.mg,canonical_from_jar_png/offline/82809.png
offline/82898.mg,canonical_from_jar_png/offline/82898.png
offline/83100.mg,canonical_from_jar_png/offline/83100.png
offline/83101.mg,canonical_from_jar_png/offline/83101.png
offline/83102.mg,canonical_from_jar_png/offline/83102.png
offline/83103.mg,canonical_from_jar_png/offline/83103.png
offline/83104.mg,canonical_from_jar_png/offline/83104.png
offline/83105.mg,canonical_from_jar_png/offline/83105.png
offline/83106.mg,canonical_from_jar_png/offline/83106.png
offline/83107.mg,canonical_from_jar_png/offline/83107.png
offline/83108.mg,canonical_from_jar_png/offline/83108.png
offline/83109.mg,canonical_from_jar_png/offline/83109.png
offline/83198.mg,canonical_from_jar_png/offline/83198.png
offline/83200.mg,canonical_from_jar_png/offline/83200.png
offline/83201.mg,canonical_from_jar_png/offline/83201.png
offline/83202.mg,canonical_from_jar_png/offline/83202.png
offline/83203.mg,canonical_from_jar_png/offline/83203.png
offline/83204.mg,canonical_from_jar_png/offline/83204.png
offline/83205.mg,canonical_from_jar_png/offline/83205.png
offline/83206.mg,canonical_from_jar_png/offline/83206.png
offline/83207.mg,canonical_from_jar_png/offline/83207.png
offline/83208.mg,canonical_from_jar_png/offline/83208.png
offline/83209.mg,canonical_from_jar_png/offline/83209.png
offline/83298.mg,canonical_from_jar_png/offline/83298.png
offline/89000.mg,canonical_from_jar_png/offline/89000.png
offline/89001.mg,canonical_from_jar_png/offline/89001.png
offline/89002.mg,canonical_from_jar_png/offline/89002.png
offline/89003.mg,canonical_from_jar_png/offline/89003.png
offline/89004.mg,canonical_from_jar_png/offline/89004.png
offline/89005.mg,canonical_from_jar_png/offline/89005.png
offline/89006.mg,canonical_from_jar_png/offline/89006.png
offline/89007.mg,canonical_from_jar_png/offline/89007.png
offline/89008.mg,canonical_from_jar_png/offline/89008.png
offline/89009.mg,canonical_from_jar_png/offline/89009.png
offline/89098.mg,canonical_from_jar_png/offline/89098.png
offline/89100.mg,canonical_from_jar_png/offline/89100.png
offline/89101.mg,canonical_from_jar_png/offline/89101.png
offline/89102.mg,canonical_from_jar_png/offline/89102.png
offline/89103.mg,canonical_from_jar_png/offline/89103.png
offline/89104.mg,canonical_from_jar_png/offline/89104.png
offline/89105.mg,canonical_from_jar_png/offline/89105.png
offline/89106.mg,canonical_from_jar_png/offline/89106.png
offline/89107.mg,canonical_from_jar_png/offline/89107.png
offline/89108.mg,canonical_from_jar_png/offline/89108.png
offline/89109.mg,canonical_from_jar_png/offline/89109.png
offline/89198.mg,canonical_from_jar_png/offline/89198.png
offline/89200.mg,canonical_from_jar_png/offline/89200.png
offline/89201.mg,canonical_from_jar_png/offline/89201.png
offline/89202.mg,canonical_from_jar_png/offline/89202.png
offline/89203.mg,canonical_from_jar_png/offline/89203.png
offline/89204.mg,canonical_from_jar_png/offline/89204.png
offline/89205.mg,canonical_from_jar_png/offline/89205.png
offline/89206.mg,canonical_from_jar_png/offline/89206.png
offline/89207.mg,canonical_from_jar_png/offline/89207.png
offline/89208.mg,canonical_from_jar_png/offline/89208.png
offline/89209.mg,canonical_from_jar_png/offline/89209.png
offline/89298.mg,canonical_from_jar_png/offline/89298.png
offline/89300.mg,canonical_from_jar_png/offline/89300.png
offline/89301.mg,canonical_from_jar_png/offline/89301.png
offline/89302.mg,canonical_from_jar_png/offline/89302.png
offline/89303.mg,canonical_from_jar_png/offline/89303.png
offline/89304.mg,canonical_from_jar_png/offline/89304.png
offline/89305.mg,canonical_from_jar_png/offline/89305.png
offline/89306.mg,canonical_from_jar_png/offline/89306.png
offline/89307.mg,canonical_from_jar_png/offline/89307.png
offline/89308.mg,canonical_from_jar_png/offline/89308.png
offline/89309.mg,canonical_from_jar_png/offline/89309.png
offline/89398.mg,canonical_from_jar_png/offline/89398.png
offline/89900.mg,canonical_from_jar_png/offline/89900.png
offline/89901.mg,canonical_from_jar_png/offline/89901.png
offline/89902.mg,canonical_from_jar_png/offline/89902.png
offline/89903.mg,canonical_from_jar_png/offline/89903.png
offline/89904.mg,canonical_from_jar_png/offline/89904.png
offline/89905.mg,canonical_from_jar_png/offline/89905.png
offline/89906.mg,canonical_from_jar_png/offline/89906.png
offline/89907.mg,canonical_from_jar_png/offline/89907.png
offline/89908.mg,canonical_from_jar_png/offline/89908.png
offline/89909.mg,canonical_from_jar_png/offline/89909.png
offline/90200.mg,canonical_from_jar_png/offline/90200.png
offline/90201.mg,canonical_from_jar_png/offline/90201.png
offline/90202.mg,canonical_from_jar_png/offline/90202.png
offline/90203.mg,canonical_from_jar_png/offline/90203.png
offline/90204.mg,canonical_from_jar_png/offline/90204.png
offline/90205.mg,canonical_from_jar_png/offline/90205.png
offline/90206.mg,canonical_from_jar_png/offline/90206.png
offline/90207.mg,canonical_from_jar_png/offline/90207.png
offline/90208.mg,canonical_from_jar_png/offline/90208.png
offline/90209.mg,canonical_from_jar_png/offline/90209.png
offline/90298.mg,canonical_from_jar_png/offline/90298.png
offline/90300.mg,canonical_from_jar_png/offline/90300.png
offline/90301.mg,canonical_from_jar_png/offline/90301.png
offline/90302.mg,canonical_from_jar_png/offline/90302.png
offline/90303.mg,canonical_from_jar_png/offline/90303.png
offline/90304.mg,canonical_from_jar_png/offline/90304.png
offline/90305.mg,canonical_from_jar_png/offline/90305.png
offline/90306.mg,canonical_from_jar_png/offline/90306.png
offline/90307.mg,canonical_from_jar_png/offline/90307.png
offline/90308.mg,canonical_from_jar_png/offline/90308.png
offline/90309.mg,canonical_from_jar_png/offline/90309.png
offline/90398.mg,canonical_from_jar_png/offline/90398.png
offline/90400.mg,canonical_from_jar_png/offline/90400.png
offline/90401.mg,canonical_from_jar_png/offline/90401.png
offline/90402.mg,canonical_from_jar_png/offline/90402.png
offline/90403.mg,canonical_from_jar_png/offline/90403.png
offline/90404.mg,canonical_from_jar_png/offline/90404.png
offline/90405.mg,canonical_from_jar_png/offline/90405.png
offline/90406.mg,canonical_from_jar_png/offline/90406.png
offline/90407.mg,canonical_from_jar_png/offline/90407.png
offline/90408.mg,canonical_from_jar_png/offline/90408.png
offline/90409.mg,canonical_from_jar_png/offline/90409.png
offline/90498.mg,canonical_from_jar_png/offline/90498.png
offline/90800.mg,canonical_from_jar_png/offline/90800.png
offline/90801.mg,canonical_from_jar_png/offline/90801.png
offline/90802.mg,canonical_from_jar_png/offline/90802.png
offline/90803.mg,canonical_from_jar_png/offline/90803.png
offline/90804.mg,canonical_from_jar_png/offline/90804.png
offline/90805.mg,canonical_from_jar_png/offline/90805.png
offline/90806.mg,canonical_from_jar_png/offline/90806.png
offline/90807.mg,canonical_from_jar_png/offline/90807.png
offline/90808.mg,canonical_from_jar_png/offline/90808.png
offline/90809.mg,canonical_from_jar_png/offline/90809.png
offline/90898.mg,canonical_from_jar_png/offline/90898.png
offline/90900.mg,canonical_from_jar_png/offline/90900.png
offline/90901.mg,canonical_from_jar_png/offline/90901.png
offline/90902.mg,canonical_from_jar_png/offline/90902.png
offline/90903.mg,canonical_from_jar_png/offline/90903.png
offline/90904.mg,canonical_from_jar_png/offline/90904.png
offline/90905.mg,canonical_from_jar_png/offline/90905.png
offline/90906.mg,canonical_from_jar_png/offline/90906.png
offline/90907.mg,canonical_from_jar_png/offline/90907.png
offline/90908.mg,canonical_from_jar_png/offline/90908.png
offline/90909.mg,canonical_from_jar_png/offline/90909.png
offline/90998.mg,canonical_from_jar_png/offline/90998.png
offline/91000.mg,canonical_from_jar_png/offline/91000.png
offline/91001.mg,canonical_from_jar_png/offline/91001.png
offline/91002.mg,canonical_from_jar_png/offline/91002.png
offline/91003.mg,canonical_from_jar_png/offline/91003.png
offline/91004.mg,canonical_from_jar_png/offline/91004.png
offline/91005.mg,canonical_from_jar_png/offline/91005.png
offline/91006.mg,canonical_from_jar_png/offline/91006.png
offline/91007.mg,canonical_from_jar_png/offline/91007.png
offline/91008.mg,canonical_from_jar_png/offline/91008.png
offline/91009.mg,canonical_from_jar_png/offline/91009.png
offline/91098.mg,canonical_from_jar_png/offline/91098.png
offline/91100.mg,canonical_from_jar_png/offline/91100.png
offline/91101.mg,canonical_from_jar_png/offline/91101.png
offline/91102.mg,canonical_from_jar_png/offline/91102.png
offline/91103.mg,canonical_from_jar_png/offline/91103.png
offline/91104.mg,canonical_from_jar_png/offline/91104.png
offline/91105.mg,canonical_from_jar_png/offline/91105.png
offline/91106.mg,canonical_from_jar_png/offline/91106.png
offline/91107.mg,canonical_from_jar_png/offline/91107.png
offline/91108.mg,canonical_from_jar_png/offline/91108.png
offline/91109.mg,canonical_from_jar_png/offline/91109.png
offline/91198.mg,canonical_from_jar_png/offline/91198.png
offline/91200.mg,canonical_from_jar_png/offline/91200.png
offline/91201.mg,canonical_from_jar_png/offline/91201.png
offline/91202.mg,canonical_from_jar_png/offline/91202.png
offline/91203.mg,canonical_from_jar_png/offline/91203.png
offline/91204.mg,canonical_from_jar_png/offline/91204.png
offline/91205.mg,canonical_from_jar_png/offline/91205.png
offline/91206.mg,canonical_from_jar_png/offline/91206.png
offline/91207.mg,canonical_from_jar_png/offline/91207.png
offline/91208.mg,canonical_from_jar_png/offline/91208.png
offline/91209.mg,canonical_from_jar_png/offline/91209.png
offline/91298.mg,canonical_from_jar_png/offline/91298.png
offline/91300.mg,canonical_from_jar_png/offline/91300.png
offline/91301.mg,canonical_from_jar_png/offline/91301.png
offline/91302.mg,canonical_from_jar_png/offline/91302.png
offline/91303.mg,canonical_from_jar_png/offline/91303.png
offline/91304.mg,canonical_from_jar_png/offline/91304.png
offline/91305.mg,canonical_from_jar_png/offline/91305.png
offline/91306.mg,canonical_from_jar_png/offline/91306.png
offline/91307.mg,canonical_from_jar_png/offline/91307.png
offline/91308.mg,canonical_from_jar_png/offline/91308.png
offline/91309.mg,canonical_from_jar_png/offline/91309.png
offline/91398.mg,canonical_from_jar_png/offline/91398.png
offline/92000.mg,canonical_from_jar_png/offline/92000.png
offline/92001.mg,canonical_from_jar_png/offline/92001.png
offline/92002.mg,canonical_from_jar_png/offline/92002.png
offline/92003.mg,canonical_from_jar_png/offline/92003.png
offline/92004.mg,canonical_from_jar_png/offline/92004.png
offline/92005.mg,canonical_from_jar_png/offline/92005.png
offline/92006.mg,canonical_from_jar_png/offline/92006.png
offline/92007.mg,canonical_from_jar_png/offline/92007.png
offline/92008.mg,canonical_from_jar_png/offline/92008.png
offline/92009.mg,canonical_from_jar_png/offline/92009.png
offline/92098.mg,canonical_from_jar_png/offline/92098.png
offline/92400.mg,canonical_from_jar_png/offline/92400.png
offline/92401.mg,canonical_from_jar_png/offline/92401.png
offline/92402.mg,canonical_from_jar_png/offline/92402.png
offline/92403.mg,canonical_from_jar_png/offline/92403.png
offline/92404.mg,canonical_from_jar_png/offline/92404.png
offline/92405.mg,canonical_from_jar_png/offline/92405.png
offline/92406.mg,canonical_from_jar_png/offline/92406.png
offline/92407.mg,canonical_from_jar_png/offline/92407.png
offline/92408.mg,canonical_from_jar_png/offline/92408.png
offline/92409.mg,canonical_from_jar_png/offline/92409.png
offline/92498.mg,canonical_from_jar_png/offline/92498.png
offline/92500.mg,canonical_from_jar_png/offline/92500.png
offline/92501.mg,canonical_from_jar_png/offline/92501.png
offline/92502.mg,canonical_from_jar_png/offline/92502.png
offline/92503.mg,canonical_from_jar_png/offline/92503.png
offline/92504.mg,canonical_from_jar_png/offline/92504.png
offline/92505.mg,canonical_from_jar_png/offline/92505.png
offline/92506.mg,canonical_from_jar_png/offline/92506.png
offline/92507.mg,canonical_from_jar_png/offline/92507.png
offline/92508.mg,canonical_from_jar_png/offline/92508.png
offline/92509.mg,canonical_from_jar_png/offline/92509.png
offline/92598.mg,canonical_from_jar_png/offline/92598.png
offline/94000.mg,canonical_from_jar_png/offline/94000.png
offline/94001.mg,canonical_from_jar_png/offline/94001.png
offline/94002.mg,canonical_from_jar_png/offline/94002.png
offline/94003.mg,canonical_from_jar_png/offline/94003.png
offline/94004.mg,canonical_from_jar_png/offline/94004.png
offline/94005.mg,canonical_from_jar_png/offline/94005.png
offline/94006.mg,canonical_from_jar_png/offline/94006.png
offline/94007.mg,canonical_from_jar_png/offline/94007.png
offline/94008.mg,canonical_from_jar_png/offline/94008.png
offline/94009.mg,canonical_from_jar_png/offline/94009.png
offline/94098.mg,canonical_from_jar_png/offline/94098.png
offline/94100.mg,canonical_from_jar_png/offline/94100.png
offline/94101.mg,canonical_from_jar_png/offline/94101.png
offline/94102.mg,canonical_from_jar_png/offline/94102.png
offline/94103.mg,canonical_from_jar_png/offline/94103.png
offline/94104.mg,canonical_from_jar_png/offline/94104.png
offline/94105.mg,canonical_from_jar_png/offline/94105.png
offline/94106.mg,canonical_from_jar_png/offline/94106.png
offline/94107.mg,canonical_from_jar_png/offline/94107.png
offline/94108.mg,canonical_from_jar_png/offline/94108.png
offline/94109.mg,canonical_from_jar_png/offline/94109.png
offline/94198.mg,canonical_from_jar_png/offline/94198.png
offline/94200.mg,canonical_from_jar_png/offline/94200.png
offline/94201.mg,canonical_from_jar_png/offline/94201.png
offline/94202.mg,canonical_from_jar_png/offline/94202.png
offline/94203.mg,canonical_from_jar_png/offline/94203.png
offline/94204.mg,canonical_from_jar_png/offline/94204.png
offline/94205.mg,canonical_from_jar_png/offline/94205.png
offline/94206.mg,canonical_from_jar_png/offline/94206.png
offline/94207.mg,canonical_from_jar_png/offline/94207.png
offline/94208.mg,canonical_from_jar_png/offline/94208.png
offline/94209.mg,canonical_from_jar_png/offline/94209.png
offline/94298.mg,canonical_from_jar_png/offline/94298.png
offline/94300.mg,canonical_from_jar_png/offline/94300.png
offline/94301.mg,canonical_from_jar_png/offline/94301.png
offline/94302.mg,canonical_from_jar_png/offline/94302.png
offline/94303.mg,canonical_from_jar_png/offline/94303.png
offline/94304.mg,canonical_from_jar_png/offline/94304.png
offline/94305.mg,canonical_from_jar_png/offline/94305.png
offline/94306.mg,canonical_from_jar_png/offline/94306.png
offline/94307.mg,canonical_from_jar_png/offline/94307.png
offline/94308.mg,canonical_from_jar_png/offline/94308.png
offline/94309.mg,canonical_from_jar_png/offline/94309.png
offline/94398.mg,canonical_from_jar_png/offline/94398.png
offline/95200.mg,canonical_from_jar_png/offline/95200.png
offline/95201.mg,canonical_from_jar_png/offline/95201.png
offline/95202.mg,canonical_from_jar_png/offline/95202.png
offline/95203.mg,canonical_from_jar_png/offline/95203.png
offline/95204.mg,canonical_from_jar_png/offline/95204.png
offline/95205.mg,canonical_from_jar_png/offline/95205.png
offline/95206.mg,canonical_from_jar_png/offline/95206.png
offline/95207.mg,canonical_from_jar_png/offline/95207.png
offline/95208.mg,canonical_from_jar_png/offline/95208.png
offline/95209.mg,canonical_from_jar_png/offline/95209.png
offline/95298.mg,canonical_from_jar_png/offline/95298.png
offline/95400.mg,canonical_from_jar_png/offline/95400.png
offline/95401.mg,canonical_from_jar_png/offline/95401.png
offline/95402.mg,canonical_from_jar_png/offline/95402.png
offline/95403.mg,canonical_from_jar_png/offline/95403.png
offline/95404.mg,canonical_from_jar_png/offline/95404.png
offline/95405.mg,canonical_from_jar_png/offline/95405.png
offline/95406.mg,canonical_from_jar_png/offline/95406.png
offline/95407.mg,canonical_from_jar_png/offline/95407.png
offline/95408.mg,canonical_from_jar_png/offline/95408.png
offline/95409.mg,canonical_from_jar_png/offline/95409.png
offline/95498.mg,canonical_from_jar_png/offline/95498.png
offline/95500.mg,canonical_from_jar_png/offline/95500.png
offline/95501.mg,canonical_from_jar_png/offline/95501.png
offline/95502.mg,canonical_from_jar_png/offline/95502.png
offline/95503.mg,canonical_from_jar_png/offline/95503.png
offline/95504.mg,canonical_from_jar_png/offline/95504.png
offline/95505.mg,canonical_from_jar_png/offline/95505.png
offline/95506.mg,canonical_from_jar_png/offline/95506.png
offline/95507.mg,canonical_from_jar_png/offline/95507.png
offline/95508.mg,canonical_from_jar_png/offline/95508.png
offline/95509.mg,canonical_from_jar_png/offline/95509.png
offline/95598.mg,canonical_from_jar_png/offline/95598.png
offline/95700.mg,canonical_from_jar_png/offline/95700.png
offline/95701.mg,canonical_from_jar_png/offline/95701.png
offline/95702.mg,canonical_from_jar_png/offline/95702.png
offline/95703.mg,canonical_from_jar_png/offline/95703.png
offline/95704.mg,canonical_from_jar_png/offline/95704.png
offline/95705.mg,canonical_from_jar_png/offline/95705.png
offline/95706.mg,canonical_from_jar_png/offline/95706.png
offline/95707.mg,canonical_from_jar_png/offline/95707.png
offline/95708.mg,canonical_from_jar_png/offline/95708.png
offline/95709.mg,canonical_from_jar_png/offline/95709.png
offline/95798.mg,canonical_from_jar_png/offline/95798.png
offline/95800.mg,canonical_from_jar_png/offline/95800.png
offline/95801.mg,canonical_from_jar_png/offline/95801.png
offline/95802.mg,canonical_from_jar_png/offline/95802.png
offline/95803.mg,canonical_from_jar_png/offline/95803.png
offline/95804.mg,canonical_from_jar_png/offline/95804.png
offline/95805.mg,canonical_from_jar_png/offline/95805.png
offline/95806.mg,canonical_from_jar_png/offline/95806.png
offline/95807.mg,canonical_from_jar_png/offline/95807.png
offline/95808.mg,canonical_from_jar_png/offline/95808.png
offline/95809.mg,canonical_from_jar_png/offline/95809.png
offline/95898.mg,canonical_from_jar_png/offline/95898.png
offline/95900.mg,canonical_from_jar_png/offline/95900.png
offline/95901.mg,canonical_from_jar_png/offline/95901.png
offline/95902.mg,canonical_from_jar_png/offline/95902.png
offline/95903.mg,canonical_from_jar_png/offline/95903.png
offline/95904.mg,canonical_from_jar_png/offline/95904.png
offline/95905.mg,canonical_from_jar_png/offline/95905.png
offline/95906.mg,canonical_from_jar_png/offline/95906.png
offline/95907.mg,canonical_from_jar_png/offline/95907.png
offline/95908.mg,canonical_from_jar_png/offline/95908.png
offline/95909.mg,canonical_from_jar_png/offline/95909.png
offline/95998.mg,canonical_from_jar_png/offline/95998.png
offline/96000.mg,canonical_from_jar_png/offline/96000.png
offline/96001.mg,canonical_from_jar_png/offline/96001.png
offline/96002.mg,canonical_from_jar_png/offline/96002.png
offline/96003.mg,canonical_from_jar_png/offline/96003.png
offline/96004.mg,canonical_from_jar_png/offline/96004.png
offline/96005.mg,canonical_from_jar_png/offline/96005.png
offline/96006.mg,canonical_from_jar_png/offline/96006.png
offline/96007.mg,canonical_from_jar_png/offline/96007.png
offline/96008.mg,canonical_from_jar_png/offline/96008.png
offline/96009.mg,canonical_from_jar_png/offline/96009.png
offline/96098.mg,canonical_from_jar_png/offline/96098.png
offline/96100.mg,canonical_from_jar_png/offline/96100.png
offline/96101.mg,canonical_from_jar_png/offline/96101.png
offline/96102.mg,canonical_from_jar_png/offline/96102.png
offline/96103.mg,canonical_from_jar_png/offline/96103.png
offline/96104.mg,canonical_from_jar_png/offline/96104.png
offline/96105.mg,canonical_from_jar_png/offline/96105.png
offline/96106.mg,canonical_from_jar_png/offline/96106.png
offline/96107.mg,canonical_from_jar_png/offline/96107.png
offline/96108.mg,canonical_from_jar_png/offline/96108.png
offline/96109.mg,canonical_from_jar_png/offline/96109.png
offline/96198.mg,canonical_from_jar_png/offline/96198.png
offline/96200.mg,canonical_from_jar_png/offline/96200.png
offline/96201.mg,canonical_from_jar_png/offline/96201.png
offline/96202.mg,canonical_from_jar_png/offline/96202.png
offline/96203.mg,canonical_from_jar_png/offline/96203.png
offline/96204.mg,canonical_from_jar_png/offline/96204.png
offline/96205.mg,canonical_from_jar_png/offline/96205.png
offline/96206.mg,canonical_from_jar_png/offline/96206.png
offline/96207.mg,canonical_from_jar_png/offline/96207.png
offline/96208.mg,canonical_from_jar_png/offline/96208.png
offline/96209.mg,canonical_from_jar_png/offline/96209.png
offline/96298.mg,canonical_from_jar_png/offline/96298.png
offline/96300.mg,canonical_from_jar_png/offline/96300.png
offline/96301.mg,canonical_from_jar_png/offline/96301.png
offline/96302.mg,canonical_from_jar_png/offline/96302.png
offline/96303.mg,canonical_from_jar_png/offline/96303.png
offline/96304.mg,canonical_from_jar_png/offline/96304.png
offline/96305.mg,canonical_from_jar_png/offline/96305.png
offline/96306.mg,canonical_from_jar_png/offline/96306.png
offline/96307.mg,canonical_from_jar_png/offline/96307.png
offline/96308.mg,canonical_from_jar_png/offline/96308.png
offline/96309.mg,canonical_from_jar_png/offline/96309.png
offline/96398.mg,canonical_from_jar_png/offline/96398.png
offline/97100.mg,canonical_from_jar_png/offline/97100.png
offline/97101.mg,canonical_from_jar_png/offline/97101.png
offline/97102.mg,canonical_from_jar_png/offline/97102.png
offline/97103.mg,canonical_from_jar_png/offline/97103.png
offline/97104.mg,canonical_from_jar_png/offline/97104.png
offline/97105.mg,canonical_from_jar_png/offline/97105.png
offline/97106.mg,canonical_from_jar_png/offline/97106.png
offline/97107.mg,canonical_from_jar_png/offline/97107.png
offline/97108.mg,canonical_from_jar_png/offline/97108.png
offline/97109.mg,canonical_from_jar_png/offline/97109.png
offline/97198.mg,canonical_from_jar_png/offline/97198.png
offline/97400.mg,canonical_from_jar_png/offline/97400.png
offline/97401.mg,canonical_from_jar_png/offline/97401.png
offline/97402.mg,canonical_from_jar_png/offline/97402.png
offline/97403.mg,canonical_from_jar_png/offline/97403.png
offline/97404.mg,canonical_from_jar_png/offline/97404.png
offline/97405.mg,canonical_from_jar_png/offline/97405.png
offline/97406.mg,canonical_from_jar_png/offline/97406.png
offline/97407.mg,canonical_from_jar_png/offline/97407.png
offline/97408.mg,canonical_from_jar_png/offline/97408.png
offline/97409.mg,canonical_from_jar_png/offline/97409.png
offline/97498.mg,canonical_from_jar_png/offline/97498.png
offline/97500.mg,canonical_from_jar_png/offline/97500.png
offline/97501.mg,canonical_from_jar_png/offline/97501.png
offline/97502.mg,canonical_from_jar_png/offline/97502.png
offline/97503.mg,canonical_from_jar_png/offline/97503.png
offline/97504.mg,canonical_from_jar_png/offline/97504.png
offline/97505.mg,canonical_from_jar_png/offline/97505.png
offline/97506.mg,canonical_from_jar_png/offline/97506.png
offline/97507.mg,canonical_from_jar_png/offline/97507.png
offline/97508.mg,canonical_from_jar_png/offline/97508.png
offline/97509.mg,canonical_from_jar_png/offline/97509.png
offline/97598.mg,canonical_from_jar_png/offline/97598.png
offline/98000.mg,canonical_from_jar_png/offline/98000.png
offline/98001.mg,canonical_from_jar_png/offline/98001.png
offline/98002.mg,canonical_from_jar_png/offline/98002.png
offline/98003.mg,canonical_from_jar_png/offline/98003.png
offline/98004.mg,canonical_from_jar_png/offline/98004.png
offline/98005.mg,canonical_from_jar_png/offline/98005.png
offline/98006.mg,canonical_from_jar_png/offline/98006.png
offline/98007.mg,canonical_from_jar_png/offline/98007.png
offline/98008.mg,canonical_from_jar_png/offline/98008.png
offline/98009.mg,canonical_from_jar_png/offline/98009.png
offline/98098.mg,canonical_from_jar_png/offline/98098.png
offline/98100.mg,canonical_from_jar_png/offline/98100.png
offline/98101.mg,canonical_from_jar_png/offline/98101.png
offline/98102.mg,canonical_from_jar_png/offline/98102.png
offline/98103.mg,canonical_from_jar_png/offline/98103.png
offline/98104.mg,canonical_from_jar_png/offline/98104.png
offline/98105.mg,canonical_from_jar_png/offline/98105.png
offline/98106.mg,canonical_from_jar_png/offline/98106.png
offline/98107.mg,canonical_from_jar_png/offline/98107.png
offline/98108.mg,canonical_from_jar_png/offline/98108.png
offline/98109.mg,canonical_from_jar_png/offline/98109.png
offline/98198.mg,canonical_from_jar_png/offline/98198.png
offline/98200.mg,canonical_from_jar_png/offline/98200.png
offline/98201.mg,canonical_from_jar_png/offline/98201.png
offline/98202.mg,canonical_from_jar_png/offline/98202.png
offline/98203.mg,canonical_from_jar_png/offline/98203.png
offline/98204.mg,canonical_from_jar_png/offline/98204.png
offline/98205.mg,canonical_from_jar_png/offline/98205.png
offline/98206.mg,canonical_from_jar_png/offline/98206.png
offline/98207.mg,canonical_from_jar_png/offline/98207.png
offline/98208.mg,canonical_from_jar_png/offline/98208.png
offline/98209.mg,canonical_from_jar_png/offline/98209.png
offline/98298.mg,canonical_from_jar_png/offline/98298.png
offline/98300.mg,canonical_from_jar_png/offline/98300.png
offline/98301.mg,canonical_from_jar_png/offline/98301.png
offline/98302.mg,canonical_from_jar_png/offline/98302.png
offline/98303.mg,canonical_from_jar_png/offline/98303.png
offline/98304.mg,canonical_from_jar_png/offline/98304.png
offline/98305.mg,canonical_from_jar_png/offline/98305.png
offline/98306.mg,canonical_from_jar_png/offline/98306.png
offline/98307.mg,canonical_from_jar_png/offline/98307.png
offline/98308.mg,canonical_from_jar_png/offline/98308.png
offline/98309.mg,canonical_from_jar_png/offline/98309.png
offline/98398.mg,canonical_from_jar_png/offline/98398.png
offline/99000.mg,canonical_from_jar_png/offline/99000.png
offline/99001.mg,canonical_from_jar_png/offline/99001.png
offline/99002.mg,canonical_from_jar_png/offline/99002.png
offline/99003.mg,canonical_from_jar_png/offline/99003.png
offline/99004.mg,canonical_from_jar_png/offline/99004.png
offline/99005.mg,canonical_from_jar_png/offline/99005.png
offline/99006.mg,canonical_from_jar_png/offline/99006.png
offline/99007.mg,canonical_from_jar_png/offline/99007.png
offline/99008.mg,canonical_from_jar_png/offline/99008.png
offline/99009.mg,canonical_from_jar_png/offline/99009.png
offline/99099.mg,canonical_from_jar_png/offline/99099.png
offline/99900.mg,canonical_from_jar_png/offline/99900.png
offline/99901.mg,canonical_from_jar_png/offline/99901.png
offline/99902.mg,canonical_from_jar_png/offline/99902.png
offline/99903.mg,canonical_from_jar_png/offline/99903.png
offline/99904.mg,canonical_from_jar_png/offline/99904.png
offline/99905.mg,canonical_from_jar_png/offline/99905.png
offline/99906.mg,canonical_from_jar_png/offline/99906.png
offline/99907.mg,canonical_from_jar_png/offline/99907.png
offline/99908.mg,canonical_from_jar_png/offline/99908.png
offline/99909.mg,canonical_from_jar_png/offline/99909.png
offline/99998.mg,canonical_from_jar_png/offline/99998.png
offline/avatardownloadscreen.mg,canonical_from_jar_png/offline/avatardownloadscreen.png
olaicons.mg,canonical_from_jar_png/olaicons.png
onions.mg,canonical_from_jar_png/onions.png
play/bkboardh.mg,canonical_from_jar_png/play/bkboardh.png
play/bkboardv.mg,canonical_from_jar_png/play/bkboardv.png
play/ground.mg,canonical_from_jar_png/play/ground.png
play/hpbar.mg,canonical_from_jar_png/play/hpbar.png
play/manabar.mg,canonical_from_jar_png/play/manabar.png
play/powerbar.mg,canonical_from_jar_png/play/powerbar.png
push.mg,canonical_from_jar_png/push.png
questnotifyicon.mg,canonical_from_jar_png/questnotifyicon.png
roomicon.mg,canonical_from_jar_png/roomicon.png
shoppingcarticon.mg,canonical_from_jar_png/shoppingcarticon.png
skicon.mg,canonical_from_jar_png/skicon.png
skillupdownstat.mg,canonical_from_jar_png/skillupdownstat.png
slotlock.mg,canonical_from_jar_png/slotlock.png
smileys.mg,canonical_from_jar_png/smileys.png
star.mg,canonical_from_jar_png/star.png
staricon.mg,canonical_from_jar_png/staricon.png
strlose.mg,canonical_from_jar_png/strlose.png
strwin.mg,canonical_from_jar_png/strwin.png
tab.mg,canonical_from_jar_png/tab.png
taythuytinh.mg,canonical_from_jar_png/taythuytinh.png
tinynumber.mg,canonical_from_jar_png/tinynumber.png
zap.mg,canonical_from_jar_png/zap.png
zoomfocus.mg,canonical_from_jar_png/zoomfocus.png
_blackfont.mg,canonical_from_jar_png/_blackfont.png
_corner.mg,canonical_from_jar_png/_corner.png
_fontcap.mg,canonical_from_jar_png/_fontcap.png
_mglogo.mg,canonical_from_jar_png/_mglogo.png
_partnerLogo.mg,canonical_from_jar_png/_partnerLogo.png
_sound1.mg,canonical_from_jar_png/_sound1.png
_sound2.mg,canonical_from_jar_png/_sound2.png
